fetch_ts_ms,measured_at_ms,heart_rate
1767971773000,1767971769169,95
1767971775000,1767971774183,96
1767971776000,1767971774183,96
1767971778000,1767971774183,96
1767971780000,1767971779101,102
1767971781000,1767971779101,102
1767971783000,1767971779101,102
1767971785000,1767971784115,103
1767971786000,1767971784115,103
1767971788000,1767971788823,104
1767971790000,1767971788823,104
1767971792000,1767971788823,104
1767971794000,1767971793826,96
1767971795000,1767971793826,96
1767971797000,1767971793826,96
1767971799000,1767971799174,101
1767971800000,1767971799174,101
1767971802000,1767971799174,101
1767971804000,1767971799174,101
1767971805000,1767971805632,101
1767971807000,1767971805632,101
1767971809000,1767971809102,104
1767971810000,1767971809102,104
1767971812000,1767971809102,104
1767971814000,1767971814120,108
1767971816000,1767971814120,108
1767971817000,1767971814120,108
1767971819000,1767971818740,110
1767971821000,1767971818740,110
1767971822000,1767971818740,110
1767971824000,1767971824065,101
1767971826000,1767971824065,101
1767971827000,1767971824065,101
1767971829000,1767971828972,106
1767971831000,1767971828972,106
1767971832000,1767971828972,106
1767971834000,1767971834193,102
1767971836000,1767971834193,102
1767971838000,1767971834193,102
1767971839000,1767971839109,106
1767971841000,1767971839109,106
1767971842000,1767971839109,106
1767971844000,1767971844020,105
1767971846000,1767971844020,105
1767971847000,1767971844020,105
1767971849000,1767971849144,105
1767971850000,1767971849144,105
1767971852000,1767971849144,105
1767971854000,1767971854059,96
1767971855000,1767971854059,96
1767971857000,1767971854059,96
1767971859000,1767971858924,97
1767971860000,1767971858924,97
1767971862000,1767971858924,97
1767971864000,1767971864193,93
1767971865000,1767971864193,93
1767971867000,1767971864193,93
1767971869000,1767971869112,97
1767971870000,1767971869112,97
1767971872000,1767971869112,97
1767971874000,1767971874129,89
1767971875000,1767971874129,89
1767971877000,1767971874129,89
1767971879000,1767971879151,97
1767971880000,1767971879151,97
1767971882000,1767971879151,97
1767971884000,1767971884060,91
1767971886000,1767971884060,91
1767971887000,1767971884060,91
1767971889000,1767971889305,97
1767971891000,1767971889305,97
1767971892000,1767971889305,97
1767971894000,1767971894107,97
1767971896000,1767971894107,97
1767971898000,1767971894107,97
1767971899000,1767971898824,102
1767971901000,1767971898824,102
1767971903000,1767971898824,102
1767971904000,1767971904133,94
1767971906000,1767971904133,94
1767971908000,1767971904133,94
1767971909000,1767971909148,96
1767971911000,1767971909148,96
1767971913000,1767971909148,96
1767971914000,1767971914065,99
1767971916000,1767971914065,99
1767971918000,1767971914065,99
1767971919000,1767971919083,95
1767971921000,1767971919083,95
1767971923000,1767971919083,95
1767971924000,1767971924101,95
1767971926000,1767971924101,95
1767971928000,1767971924101,95
1767971929000,1767971929117,91
1767971931000,1767971929117,91
1767971932000,1767971929117,91
1767971934000,1767971934135,91
1767971936000,1767971934135,91
1767971937000,1767971934135,91
1767971939000,1767971939051,89
1767971941000,1767971939051,89
1767971943000,1767971939051,89
1767971944000,1767971944070,89
1767971946000,1767971944070,89
1767971947000,1767971944070,89
1767971949000,1767971949187,94
1767971951000,1767971949187,94
1767971952000,1767971949187,94
1767971954000,1767971954103,90
1767971956000,1767971954103,90
1767971957000,1767971954103,90
1767971959000,1767971959223,90
1767971961000,1767971959223,90
1767971962000,1767971959223,90
1767971964000,1767971964164,90
1767971966000,1767971964164,90
1767971967000,1767971964164,90
1767971969000,1767971969058,96
1767971970000,1767971969058,96
1767971972000,1767971969058,96
1767971974000,1767971974075,99
1767971975000,1767971974075,99
1767971977000,1767971974075,99
1767971978000,1767971979193,101
1767971980000,1767971979193,101
1767971982000,1767971979193,101
1767971983000,1767971984212,89
1767971985000,1767971984212,89
1767971987000,1767971984212,89
1767971988000,1767971989123,92
1767971990000,1767971989123,92
1767971992000,1767971989123,92
1767971993000,1767971994143,96
1767971995000,1767971994143,96
1767971996000,1767971994143,96
1767971998000,1767971994143,96
1767972000000,1767971999059,99
1767972001000,1767971999059,99
1767972003000,1767972004081,90
1767972005000,1767972004081,90
1767972007000,1767972004081,90
1767972008000,1767972009097,92
1767972010000,1767972009097,92
1767972012000,1767972009097,92
1767972013000,1767972014111,90
1767972015000,1767972014111,90
1767972017000,1767972014111,90
1767972019000,1767972019127,90
1767972020000,1767972019127,90
1767972022000,1767972019127,90
1767972024000,1767972024151,95
1767972025000,1767972024151,95
1767972027000,1767972024151,95
1767972029000,1767972029065,93
1767972031000,1767972029065,93
1767972032000,1767972029065,93
1767972034000,1767972033467,99
1767972036000,1767972033467,99
1767972037000,1767972033467,99
1767972039000,1767972038870,94
1767972041000,1767972038870,94
1767972042000,1767972038870,94
1767972044000,1767972043705,95
1767972046000,1767972043705,95
1767972047000,1767972043705,95
1767972049000,1767972048941,99
1767972051000,1767972048941,99
1767972052000,1767972048941,99
1767972054000,1767972054155,98
1767972056000,1767972054155,98
1767972057000,1767972054155,98
1767972059000,1767972059173,97
1767972061000,1767972059173,97
1767972062000,1767972059173,97
1767972064000,1767972064086,98
1767972066000,1767972064086,98
1767972067000,1767972064086,98
1767972069000,1767972069099,98
1767972071000,1767972069099,98
1767972072000,1767972069099,98
1767972074000,1767972074156,100
1767972076000,1767972074156,100
1767972077000,1767972074156,100
1767972079000,1767972079134,97
1767972081000,1767972079134,97
1767972083000,1767972079134,97
1767972084000,1767972084153,97
1767972086000,1767972084153,97
1767972088000,1767972084153,97
1767972089000,1767972089178,100
1767972091000,1767972089178,100
1767972093000,1767972089178,100
1767972094000,1767972094091,103
1767972096000,1767972094091,103
1767972098000,1767972094091,103
1767972099000,1767972099107,104
1767972101000,1767972099107,104
1767972102000,1767972099107,104
1767972104000,1767972104224,101
1767972106000,1767972104224,101
1767972107000,1767972104224,101
1767972109000,1767972109140,95
1767972111000,1767972109140,95
1767972113000,1767972109140,95
1767972115000,1767972114157,100
1767972116000,1767972114157,100
1767972118000,1767972114157,100
1767972119000,1767972119173,100
1767972121000,1767972119173,100
1767972123000,1767972119173,100
1767972124000,1767972124088,92
1767972126000,1767972124088,92
1767972128000,1767972124088,92
1767972129000,1767972129107,92
1767972131000,1767972129107,92
1767972133000,1767972129107,92
1767972134000,1767972134125,90
1767972136000,1767972134125,90
1767972138000,1767972134125,90
1767972140000,1767972139147,94
1767972141000,1767972139147,94
1767972143000,1767972139147,94
1767972144000,1767972144058,94
1767972146000,1767972144058,94
1767972148000,1767972144058,94
1767972150000,1767972149177,97
1767972152000,1767972149177,97
1767972154000,1767972154104,90
1767972156000,1767972154104,90
1767972157000,1767972154104,90
1767972159000,1767972159110,97
1767972161000,1767972159110,97
1767972162000,1767972159110,97
1767972164000,1767972164130,89
1767972166000,1767972164130,89
1767972168000,1767972164130,89
1767972169000,1767972169148,90
1767972171000,1767972169148,90
1767972173000,1767972169148,90
1767972174000,1767972173836,93
1767972176000,1767972173836,93
1767972178000,1767972173836,93
1767972179000,1767972179179,95
1767972181000,1767972179179,95
1767972183000,1767972179179,95
1767972184000,1767972184132,95
1767972186000,1767972184132,95
1767972188000,1767972184132,95
1767972189000,1767972189115,98
1767972191000,1767972189115,98
1767972193000,1767972189115,98
1767972194000,1767972194135,95
1767972196000,1767972194135,95
1767972198000,1767972194135,95
1767972199000,1767972199150,97
1767972201000,1767972199150,97
1767972203000,1767972199150,97
1767972204000,1767972204171,95
1767972206000,1767972204171,95
1767972208000,1767972204171,95
1767972209000,1767972209185,95
1767972211000,1767972209185,95
1767972213000,1767972209185,95
1767972214000,1767972214100,95
1767972216000,1767972214100,95
1767972218000,1767972214100,95
1767972219000,1767972219124,105
1767972221000,1767972219124,105
1767972223000,1767972219124,105
1767972224000,1767972224378,108
1767972226000,1767972224378,108
1767972228000,1767972224378,108
1767972229000,1767972229154,107
1767972231000,1767972229154,107
1767972232000,1767972229154,107
1767972234000,1767972234081,95
1767972236000,1767972234081,95
1767972237000,1767972234081,95
1767972239000,1767972239095,96
1767972240000,1767972239095,96
1767972242000,1767972239095,96
1767972244000,1767972244107,87
1767972246000,1767972244107,87
1767972247000,1767972244107,87
1767972249000,1767972249289,91
1767972251000,1767972249289,91
1767972252000,1767972249289,91
1767972254000,1767972254144,86
1767972255000,1767972254144,86
1767972257000,1767972254144,86
1767972259000,1767972258444,91
1767972261000,1767972258444,91
1767972263000,1767972258444,91
1767972264000,1767972264171,88
1767972266000,1767972264171,88
1767972267000,1767972264171,88
1767972269000,1767972268681,88
1767972271000,1767972268681,88
1767972272000,1767972268681,88
1767972274000,1767972274108,97
1767972276000,1767972274108,97
1767972278000,1767972274108,97
1767972279000,1767972278930,97
1767972281000,1767972278930,97
1767972283000,1767972278930,97
1767972284000,1767972284043,100
1767972286000,1767972284043,100
1767972288000,1767972284043,100
1767972290000,1767972289162,93
1767972291000,1767972289162,93
1767972293000,1767972289162,93
1767972295000,1767972294181,101
1767972296000,1767972294181,101
1767972298000,1767972299101,94
1767972300000,1767972299101,94
1767972302000,1767972299101,94
1767972303000,1767972304133,94
1767972305000,1767972304133,94
1767972307000,1767972304133,94
1767972309000,1767972309232,88
1767972311000,1767972309232,88
1767972312000,1767972309232,88
1767972314000,1767972314060,95
1767972316000,1767972314060,95
1767972317000,1767972314060,95
1767972319000,1767972319074,98
1767972321000,1767972319074,98
1767972323000,1767972323807,98
1767972325000,1767972323807,98
1767972326000,1767972323807,98
1767972328000,1767972323807,98
1767972329000,1767972329201,105
1767972331000,1767972329201,105
1767972333000,1767972329201,105
1767972334000,1767972334115,98
1767972336000,1767972334115,98
1767972337000,1767972334115,98
1767972339000,1767972339149,97
1767972341000,1767972339149,97
1767972342000,1767972339149,97
1767972344000,1767972344155,95
1767972345000,1767972344155,95
1767972347000,1767972344155,95
1767972348000,1767972349066,97
1767972350000,1767972349066,97
1767972352000,1767972349066,97
1767972354000,1767972354185,89
1767972355000,1767972354185,89
1767972357000,1767972354185,89
1767972359000,1767972359103,91
1767972360000,1767972359103,91
1767972362000,1767972359103,91
1767972364000,1767972364115,90
1767972366000,1767972364115,90
1767972367000,1767972364115,90
1767972369000,1767972369240,91
1767972371000,1767972369240,91
1767972373000,1767972369240,91
1767972374000,1767972374156,93
1767972376000,1767972374156,93
1767972378000,1767972374156,93
1767972380000,1767972379073,93
1767972381000,1767972379073,93
1767972383000,1767972383842,98
1767972385000,1767972383842,98
1767972386000,1767972383842,98
1767972388000,1767972383842,98
1767972390000,1767972389006,92
1767972391000,1767972389006,92
1767972393000,1767972389006,92
1767972395000,1767972394119,99
1767972396000,1767972394119,99
1767972398000,1767972394119,99
1767972400000,1767972399144,94
1767972401000,1767972399144,94
1767972403000,1767972399144,94
1767972405000,1767972404159,94
1767972406000,1767972404159,94
1767972408000,1767972404159,94
1767972409000,1767972409073,105
1767972411000,1767972409073,105
1767972413000,1767972409073,105
1767972414000,1767972414092,92
1767972416000,1767972414092,92
1767972418000,1767972414092,92
1767972419000,1767972419110,90
1767972421000,1767972419110,90
1767972423000,1767972419110,90
1767972425000,1767972424128,95
1767972426000,1767972424128,95
1767972428000,1767972424128,95
1767972430000,1767972429153,95
1767972431000,1767972429153,95
1767972433000,1767972434163,95
1767972435000,1767972434163,95
1767972437000,1767972434163,95
1767972438000,1767972439074,93
1767972440000,1767972439074,93
1767972442000,1767972439074,93
1767972443000,1767972444093,93
1767972445000,1767972444093,93
1767972447000,1767972444093,93
1767972448000,1767972449132,92
1767972450000,1767972449132,92
1767972452000,1767972449132,92
1767972454000,1767972454131,96
1767972455000,1767972454131,96
1767972457000,1767972454131,96
1767972459000,1767972459145,96
1767972460000,1767972459145,96
1767972462000,1767972459145,96
1767972463000,1767972464164,98
1767972465000,1767972464164,98
1767972467000,1767972464164,98
1767972469000,1767972469081,91
1767972470000,1767972469081,91
1767972472000,1767972469081,91
1767972474000,1767972473184,91
1767972475000,1767972473184,91
1767972477000,1767972473184,91
1767972479000,1767972479115,90
1767972481000,1767972479115,90
1767972482000,1767972479115,90
1767972484000,1767972484148,96
1767972485000,1767972484148,96
1767972487000,1767972484148,96
1767972489000,1767972489153,92
1767972490000,1767972489153,92
1767972492000,1767972489153,92
1767972494000,1767972493772,94
1767972495000,1767972493772,94
1767972497000,1767972493772,94
1767972499000,1767972499084,91
1767972501000,1767972499084,91
1767972502000,1767972499084,91
1767972504000,1767972504137,94
1767972505000,1767972504137,94
1767972507000,1767972504137,94
1767972509000,1767972509135,95
1767972511000,1767972509135,95
1767972513000,1767972509135,95
1767972515000,1767972514315,94
1767972516000,1767972514315,94
1767972519000,1767972519182,99
1767972521000,1767972519182,99
1767972523000,1767972524355,89
1767972525000,1767972524355,89
1767972527000,1767972524355,89
1767972529000,1767972529159,95
1767972530000,1767972529159,95
1767972532000,1767972529159,95
1767972534000,1767972534211,89
1767972535000,1767972534211,89
1767972537000,1767972534211,89
1767972539000,1767972539124,94
1767972540000,1767972539124,94
1767972542000,1767972539124,94
1767972543000,1767972544141,95
1767972545000,1767972544141,95
1767972547000,1767972544141,95
1767972549000,1767972549163,96
1767972550000,1767972549163,96
1767972552000,1767972549163,96
1767972554000,1767972554076,92
1767972556000,1767972554076,92
1767972557000,1767972554076,92
1767972559000,1767972559193,95
1767972561000,1767972559193,95
1767972562000,1767972559193,95
1767972564000,1767972564105,96
1767972565000,1767972564105,96
1767972567000,1767972564105,96
1767972569000,1767972568812,94
1767972570000,1767972568812,94
1767972572000,1767972568812,94
1767972574000,1767972574252,99
1767972575000,1767972574252,99
1767972577000,1767972574252,99
1767972579000,1767972579163,98
1767972580000,1767972579163,98
1767972582000,1767972579163,98
1767972584000,1767972584081,98
1767972585000,1767972584081,98
1767972587000,1767972584081,98
1767972589000,1767972589095,98
1767972590000,1767972589095,98
1767972592000,1767972589095,98
1767972594000,1767972594115,97
1767972595000,1767972594115,97
1767972597000,1767972594115,97
1767972598000,1767972599028,94
1767972600000,1767972599028,94
1767972602000,1767972599028,94
1767972604000,1767972604156,94
1767972605000,1767972604156,94
1767972607000,1767972604156,94
1767972609000,1767972608895,92
1767972611000,1767972608895,92
1767972612000,1767972608895,92
1767972614000,1767972614082,97
1767972616000,1767972614082,97
1767972617000,1767972614082,97
1767972619000,1767972619098,91
1767972621000,1767972619098,91
1767972622000,1767972619098,91
1767972624000,1767972624122,95
1767972626000,1767972624122,95
1767972628000,1767972624122,95
1767972629000,1767972629135,95
1767972631000,1767972629135,95
1767972633000,1767972629135,95
1767972634000,1767972634164,89
1767972636000,1767972634164,89
1767972637000,1767972634164,89
1767972639000,1767972639062,88
1767972641000,1767972639062,88
1767972642000,1767972639062,88
1767972644000,1767972644085,92
1767972646000,1767972644085,92
1767972647000,1767972644085,92
1767972649000,1767972649102,102
1767972650000,1767972649102,102
1767972652000,1767972649102,102
1767972654000,1767972654121,95
1767972655000,1767972654121,95
1767972657000,1767972654121,95
1767972659000,1767972659137,89
1767972660000,1767972659137,89
1767972662000,1767972659137,89
1767972664000,1767972664150,87
1767972665000,1767972664150,87
1767972667000,1767972664150,87
1767972669000,1767972669076,91
1767972671000,1767972669076,91
1767972672000,1767972669076,91
1767972674000,1767972674088,86
1767972676000,1767972674088,86
1767972677000,1767972674088,86
1767972679000,1767972679110,85
1767972681000,1767972679110,85
1767972682000,1767972679110,85
1767972684000,1767972684125,99
1767972686000,1767972684125,99
1767972687000,1767972684125,99
1767972689000,1767972688847,98
1767972691000,1767972688847,98
1767972692000,1767972688847,98
1767972694000,1767972693888,102
1767972696000,1767972693888,102
1767972697000,1767972698154,103
1767972699000,1767972698154,103
1767972701000,1767972698154,103
1767972702000,1767972698154,103
1767972704000,1767972704092,99
1767972706000,1767972704092,99
1767972707000,1767972704092,99
1767972709000,1767972708394,99
1767972711000,1767972708394,99
1767972712000,1767972708394,99
1767972714000,1767972714129,105
1767972716000,1767972714129,105
1767972718000,1767972714129,105
1767972719000,1767972719145,101
1767972721000,1767972719145,101
1767972723000,1767972719145,101
1767972724000,1767972724163,109
1767972726000,1767972724163,109
1767972728000,1767972724163,109
1767972729000,1767972728974,100
1767972731000,1767972728974,100
1767972733000,1767972728974,100
1767972734000,1767972734097,101
1767972736000,1767972734097,101
1767972738000,1767972734097,101
1767972739000,1767972739112,106
1767972741000,1767972739112,106
1767972743000,1767972739112,106
1767972744000,1767972744133,104
1767972746000,1767972744133,104
1767972748000,1767972744133,104
1767972749000,1767972749148,106
1767972751000,1767972749148,106
1767972753000,1767972753800,99
1767972755000,1767972753800,99
1767972756000,1767972753800,99
1767972758000,1767972753800,99
1767972759000,1767972759081,106
1767972761000,1767972759081,106
1767972763000,1767972759081,106
1767972764000,1767972764097,97
1767972766000,1767972764097,97
1767972768000,1767972764097,97
1767972769000,1767972769116,98
1767972771000,1767972769116,98
1767972773000,1767972769116,98
1767972775000,1767972774152,99
1767972776000,1767972774152,99
1767972778000,1767972774152,99
1767972779000,1767972779152,102
1767972781000,1767972779152,102
1767972783000,1767972779152,102
1767972785000,1767972784170,101
1767972786000,1767972784170,101
1767972788000,1767972784170,101
1767972790000,1767972789186,98
1767972791000,1767972789186,98
1767972793000,1767972789186,98
1767972795000,1767972794204,104
1767972796000,1767972794204,104
1767972798000,1767972794204,104
1767972800000,1767972799121,102
1767972801000,1767972799121,102
1767972803000,1767972799121,102
1767972805000,1767972804139,93
1767972806000,1767972804139,93
1767972808000,1767972804139,93
1767972810000,1767972809159,99
1767972812000,1767972809159,99
1767972813000,1767972814183,97
1767972815000,1767972814183,97
1767972817000,1767972814183,97
1767972818000,1767972819197,101
1767972820000,1767972819197,101
1767972822000,1767972819197,101
1767972823000,1767972824106,98
1767972825000,1767972824106,98
1767972827000,1767972824106,98
1767972828000,1767972829128,93
1767972830000,1767972829128,93
1767972832000,1767972829128,93
1767972833000,1767972834210,96
1767972835000,1767972834210,96
1767972837000,1767972834210,96
1767972838000,1767972839160,95
1767972840000,1767972839160,95
1767972842000,1767972839160,95
1767972843000,1767972844086,94
1767972845000,1767972844086,94
1767972847000,1767972844086,94
1767972848000,1767972849092,98
1767972850000,1767972849092,98
1767972852000,1767972849092,98
1767972854000,1767972854115,104
1767972855000,1767972854115,104
1767972857000,1767972854115,104
1767972859000,1767972859132,104
1767972860000,1767972859132,104
1767972862000,1767972859132,104
1767972864000,1767972864147,92
1767972865000,1767972864147,92
1767972867000,1767972864147,92
1767972869000,1767972869166,94
1767972870000,1767972869166,94
1767972872000,1767972869166,94
1767972874000,1767972874081,92
1767972876000,1767972874081,92
1767972877000,1767972874081,92
1767972879000,1767972879093,95
1767972881000,1767972879093,95
1767972882000,1767972879093,95
1767972884000,1767972884134,95
1767972885000,1767972884134,95
1767972887000,1767972884134,95
1767972889000,1767972889147,96
1767972890000,1767972889147,96
1767972892000,1767972889147,96
1767972893000,1767972894150,92
1767972895000,1767972894150,92
1767972897000,1767972894150,92
1767972898000,1767972899166,97
1767972900000,1767972899166,97
1767972902000,1767972899166,97
1767972903000,1767972904107,96
1767972905000,1767972904107,96
1767972907000,1767972904107,96
1767972908000,1767972909125,99
1767972910000,1767972909125,99
1767972912000,1767972909125,99
1767972914000,1767972914122,90
1767972915000,1767972914122,90
1767972917000,1767972914122,90
1767972919000,1767972919134,97
1767972920000,1767972919134,97
1767972922000,1767972919134,97
1767972924000,1767972924155,94
1767972925000,1767972924155,94
1767972927000,1767972924155,94
1767972929000,1767972928877,94
1767972931000,1767972928877,94
1767972932000,1767972928877,94
1767972934000,1767972934274,101
1767972936000,1767972934274,101
1767972938000,1767972934274,101
1767972939000,1767972939110,95
1767972941000,1767972939110,95
1767972943000,1767972943608,93
1767972944000,1767972943608,93
1767972946000,1767972943608,93
1767972948000,1767972943608,93
1767972949000,1767972949139,95
1767972951000,1767972949139,95
1767972953000,1767972949139,95
1767972954000,1767972953848,103
1767972956000,1767972953848,103
1767972958000,1767972953848,103
1767972959000,1767972959002,93
1767972961000,1767972959002,93
1767972963000,1767972959002,93
1767972964000,1767972964090,91
1767972966000,1767972964090,91
1767972968000,1767972964090,91
1767972969000,1767972969113,101
1767972971000,1767972969113,101
1767972973000,1767972969113,101
1767972975000,1767972974126,91
1767972976000,1767972974126,91
1767972978000,1767972974126,91
1767972980000,1767972979144,92
1767972981000,1767972979144,92
1767972983000,1767972979144,92
1767972985000,1767972984160,99
1767972986000,1767972984160,99
1767972988000,1767972984160,99
1767972990000,1767972989076,101
1767972992000,1767972989076,101
1767972993000,1767972994092,95
1767972995000,1767972994092,95
1767972997000,1767972994092,95
1767972998000,1767972999110,84
1767973000000,1767972999110,84
1767973002000,1767972999110,84
1767973004000,1767973004031,84
1767973005000,1767973004031,84
1767973007000,1767973004031,84
1767973009000,1767973009056,85
1767973010000,1767973009056,85
1767973012000,1767973009056,85
1767973014000,1767973014166,88
1767973015000,1767973014166,88
1767973017000,1767973014166,88
1767973019000,1767973019182,88
1767973020000,1767973019182,88
1767973022000,1767973019182,88
1767973024000,1767973024102,89
1767973025000,1767973024102,89
1767973027000,1767973024102,89
1767973029000,1767973029114,93
1767973030000,1767973029114,93
1767973032000,1767973029114,93
1767973034000,1767973034198,90
1767973035000,1767973034198,90
1767973037000,1767973034198,90
1767973039000,1767973039152,95
1767973040000,1767973039152,95
1767973042000,1767973039152,95
1767973044000,1767973044168,92
1767973045000,1767973044168,92
1767973047000,1767973044168,92
1767973049000,1767973049184,98
1767973050000,1767973049184,98
1767973052000,1767973049184,98
1767973053000,1767973054105,87
1767973055000,1767973054105,87
1767973057000,1767973054105,87
1767973058000,1767973059116,92
1767973060000,1767973059116,92
1767973062000,1767973059116,92
1767973064000,1767973064136,89
1767973065000,1767973064136,89
1767973067000,1767973064136,89
1767973069000,1767973069054,91
1767973070000,1767973069054,91
1767973072000,1767973069054,91
1767973074000,1767973074169,89
1767973075000,1767973074169,89
1767973077000,1767973074169,89
1767973078000,1767973078820,90
1767973080000,1767973078820,90
1767973082000,1767973078820,90
1767973083000,1767973083839,91
1767973085000,1767973083839,91
1767973087000,1767973083839,91
1767973088000,1767973089128,91
1767973090000,1767973089128,91
1767973092000,1767973089128,91
1767973093000,1767973094142,97
1767973095000,1767973094142,97
1767973097000,1767973094142,97
1767973099000,1767973099054,89
1767973100000,1767973099054,89
1767973102000,1767973099054,89
1767973104000,1767973104181,89
1767973105000,1767973104181,89
1767973107000,1767973104181,89
1767973109000,1767973109093,94
1767973110000,1767973113877,94
1767973116000,1767973113877,94
1767973117000,1767973113877,94
1767973119000,1767973119124,93
1767973121000,1767973119124,93
1767973122000,1767973119124,93
1767973124000,1767973124142,92
1767973126000,1767973124142,92
1767973127000,1767973124142,92
1767973129000,1767973129061,92
1767973131000,1767973129061,92
1767973132000,1767973129061,92
1767973134000,1767973134181,90
1767973136000,1767973134181,90
1767973138000,1767973134181,90
1767973139000,1767973139098,90
1767973141000,1767973139098,90
1767973143000,1767973139098,90
1767973144000,1767973144113,90
1767973146000,1767973144113,90
1767973148000,1767973148210,89
1767973149000,1767973148210,89
1767973154000,1767973154146,89
1767973156000,1767973154146,89
1767973158000,1767973158452,94
1767973159000,1767973158452,94
1767973161000,1767973158452,94
1767973163000,1767973164182,92
1767973168000,1767973164182,92
1767973170000,1767973169101,100
1767973171000,1767973169101,100
1767973173000,1767973169101,100
1767973175000,1767973174115,102
1767973177000,1767973174115,102
1767973178000,1767973178572,96
1767973180000,1767973178572,96
1767973182000,1767973178572,96
1767973183000,1767973184152,93
1767973185000,1767973184152,93
1767973187000,1767973184152,93
1767973189000,1767973189067,87
1767973191000,1767973189067,87
1767973192000,1767973189067,87
1767973194000,1767973194185,94
1767973195000,1767973194185,94
1767973197000,1767973194185,94
1767973199000,1767973199102,93
1767973201000,1767973199102,93
1767973202000,1767973199102,93
1767973204000,1767973204125,92
1767973206000,1767973204125,92
1767973208000,1767973204125,92
1767973209000,1767973209134,97
1767973211000,1767973209134,97
1767973213000,1767973209134,97
1767973214000,1767973214155,95
1767973216000,1767973214155,95
1767973218000,1767973214155,95
1767973219000,1767973219076,93
1767973221000,1767973219076,93
1767973223000,1767973219076,93
1767973224000,1767973224092,93
1767973226000,1767973224092,93
1767973228000,1767973224092,93
1767973229000,1767973228823,91
1767973231000,1767973228823,91
1767973233000,1767973228823,91
1767973235000,1767973234126,95
1767973236000,1767973234126,95
1767973238000,1767973234126,95
1767973240000,1767973239140,94
1767973241000,1767973239140,94
1767973243000,1767973244053,95
1767973245000,1767973244053,95
1767973247000,1767973244053,95
1767973248000,1767973244053,95
1767973250000,1767973249175,90
1767973251000,1767973249175,90
1767973253000,1767973254090,87
1767973255000,1767973254090,87
1767973257000,1767973254090,87
1767973258000,1767973259126,92
1767973260000,1767973259126,92
1767973262000,1767973259126,92
1767973263000,1767973264127,90
1767973265000,1767973264127,90
1767973267000,1767973264127,90
1767973268000,1767973269042,91
1767973270000,1767973269042,91
1767973272000,1767973269042,91
1767973273000,1767973274057,90
1767973275000,1767973274057,90
1767973277000,1767973274057,90
1767973278000,1767973278861,96
1767973280000,1767973278861,96
1767973282000,1767973278861,96
1767973283000,1767973284094,101
1767973285000,1767973284094,101
1767973287000,1767973284094,101
1767973289000,1767973289115,94
1767973290000,1767973289115,94
1767973292000,1767973289115,94
1767973294000,1767973294132,93
1767973295000,1767973294132,93
1767973297000,1767973294132,93
1767973299000,1767973299149,90
1767973300000,1767973299149,90
1767973302000,1767973299149,90
1767973304000,1767973304063,91
1767973305000,1767973304063,91
1767973307000,1767973304063,91
1767973309000,1767973309187,90
1767973310000,1767973309187,90
1767973312000,1767973309187,90
1767973314000,1767973314202,92
1767973315000,1767973314202,92
1767973317000,1767973314202,92
1767973319000,1767973319116,89
1767973320000,1767973319116,89
1767973322000,1767973319116,89
1767973324000,1767973324135,89
1767973326000,1767973324135,89
1767973327000,1767973324135,89
1767973329000,1767973329160,92
1767973330000,1767973329160,92
1767973332000,1767973329160,92
1767973334000,1767973334169,92
1767973336000,1767973334169,92
1767973337000,1767973334169,92
1767973339000,1767973339188,92
1767973341000,1767973339188,92
1767973342000,1767973339188,92
1767973344000,1767973344203,97
1767973346000,1767973344203,97
1767973348000,1767973344203,97
1767973349000,1767973349120,93
1767973351000,1767973349120,93
1767973353000,1767973349120,93
1767973354000,1767973354142,94
1767973356000,1767973354142,94
1767973358000,1767973354142,94
1767973359000,1767973359155,85
1767973361000,1767973359155,85
1767973363000,1767973359155,85
1767973364000,1767973364171,89
1767973366000,1767973364171,89
1767973368000,1767973364171,89
1767973369000,1767973369090,87
1767973371000,1767973369090,87
1767973373000,1767973373184,91
1767973374000,1767973373184,91
1767973376000,1767973373184,91
1767973377000,1767973373184,91
1767973379000,1767973379122,93
1767973381000,1767973379122,93
1767973382000,1767973379122,93
1767973384000,1767973383323,96
1767973386000,1767973383323,96
1767973387000,1767973383323,96
1767973389000,1767973389159,96
1767973391000,1767973389159,96
1767973392000,1767973389159,96
1767973394000,1767973393562,85
1767973396000,1767973393562,85
1767973397000,1767973393562,85
1767973399000,1767973399091,86
1767973401000,1767973399091,86
1767973402000,1767973399091,86
1767973404000,1767973403937,86
1767973406000,1767973403937,86
1767973407000,1767973403937,86
1767973409000,1767973409127,88
1767973410000,1767973409127,88
1767973412000,1767973409127,88
1767973414000,1767973414147,87
1767973415000,1767973414147,87
1767973417000,1767973414147,87
1767973419000,1767973419162,85
1767973420000,1767973419162,85
1767973422000,1767973419162,85
1767973424000,1767973424178,89
1767973425000,1767973424178,89
1767973427000,1767973424178,89
1767973428000,1767973429094,86
1767973430000,1767973429094,86
1767973432000,1767973429094,86
1767973433000,1767973429094,86
1767973435000,1767973434217,91
1767973437000,1767973434217,91
1767973438000,1767973438823,88
1767973440000,1767973438823,88
1767973442000,1767973438823,88
1767973443000,1767973444150,90
1767973445000,1767973444150,90
1767973447000,1767973444150,90
1767973448000,1767973449171,84
1767973450000,1767973449171,84
1767973452000,1767973449171,84
1767973453000,1767973454085,84
1767973455000,1767973454085,84
1767973456000,1767973454085,84
1767973458000,1767973454085,84
1767973460000,1767973459099,83
1767973461000,1767973459099,83
1767973463000,1767973463854,86
1767973465000,1767973463854,86
1767973466000,1767973463854,86
1767973468000,1767973469136,85
1767973470000,1767973469136,85
1767973472000,1767973469136,85
1767973473000,1767973469136,85
1767973475000,1767973474432,88
1767973479000,1767973480501,98
1767973482000,1767973480501,98
1767973485000,1767973485554,91
1767973488000,1767973485554,91
1767973490000,1767973489104,92
1767973491000,1767973489104,92
1767973493000,1767973489104,92
1767973494000,1767973494124,90
1767973496000,1767973494124,90
1767973498000,1767973494124,90
1767973499000,1767973499137,90
1767973501000,1767973499137,90
1767973503000,1767973499137,90
1767973505000,1767973504183,90
1767973507000,1767973504183,90
1767973508000,1767973504183,90
1767973510000,1767973509196,88
1767973512000,1767973509196,88
1767973513000,1767973514189,91
1767973515000,1767973514189,91
1767973517000,1767973514189,91
1767973518000,1767973519414,95
1767973520000,1767973519414,95
1767973522000,1767973519414,95
1767973524000,1767973524133,93
1767973525000,1767973524133,93
1767973527000,1767973524133,93
1767973529000,1767973529145,98
1767973530000,1767973529145,98
1767973532000,1767973529145,98
1767973534000,1767973534169,87
1767973535000,1767973534169,87
1767973537000,1767973534169,87
1767973539000,1767973539175,92
1767973540000,1767973539175,92
1767973542000,1767973539175,92
1767973544000,1767973544197,88
1767973545000,1767973544197,88
1767973547000,1767973544197,88
1767973549000,1767973549117,88
1767973550000,1767973549117,88
1767973552000,1767973549117,88
1767973554000,1767973554132,87
1767973555000,1767973554132,87
1767973557000,1767973554132,87
1767973559000,1767973559145,87
1767973560000,1767973559145,87
1767973562000,1767973559145,87
1767973564000,1767973564166,89
1767973565000,1767973564166,89
1767973567000,1767973564166,89
1767973569000,1767973569187,89
1767973570000,1767973569187,89
1767973572000,1767973569187,89
1767973574000,1767973574093,96
1767973576000,1767973574093,96
1767973577000,1767973574093,96
1767973579000,1767973579120,89
1767973581000,1767973579120,89
1767973582000,1767973579120,89
1767973584000,1767973584133,94
1767973586000,1767973584133,94
1767973587000,1767973584133,94
1767973589000,1767973589153,87
1767973591000,1767973589153,87
1767973592000,1767973589153,87
1767973594000,1767973594186,90
1767973596000,1767973594186,90
1767973597000,1767973594186,90
1767973599000,1767973599184,91
1767973601000,1767973599184,91
1767973602000,1767973599184,91
1767973604000,1767973604101,89
1767973605000,1767973604101,89
1767973607000,1767973604101,89
1767973609000,1767973609123,93
1767973610000,1767973609123,93
1767973612000,1767973609123,93
1767973614000,1767973614038,90
1767973615000,1767973614038,90
1767973617000,1767973614038,90
1767973619000,1767973619053,94
1767973620000,1767973619053,94
1767973622000,1767973619053,94
1767973624000,1767973624170,90
1767973626000,1767973624170,90
1767973627000,1767973624170,90
1767973629000,1767973629187,91
1767973630000,1767973629187,91
1767973632000,1767973629187,91
1767973634000,1767973634106,91
1767973635000,1767973634106,91
1767973637000,1767973634106,91
1767973639000,1767973639121,90
1767973640000,1767973639121,90
1767973642000,1767973639121,90
1767973644000,1767973644137,94
1767973645000,1767973644137,94
1767973647000,1767973644137,94
1767973649000,1767973649058,94
1767973650000,1767973649058,94
1767973652000,1767973649058,94
1767973654000,1767973654176,96
1767973655000,1767973654176,96
1767973657000,1767973654176,96
1767973659000,1767973659195,97
1767973660000,1767973659195,97
1767973662000,1767973659195,97
1767973664000,1767973664103,101
1767973665000,1767973664103,101
1767973667000,1767973664103,101
1767973669000,1767973669125,91
1767973670000,1767973669125,91
1767973672000,1767973669125,91
1767973674000,1767973674292,98
1767973675000,1767973674292,98
1767973677000,1767973674292,98
1767973679000,1767973679055,88
1767973680000,1767973679055,88
1767973682000,1767973679055,88
1767973683000,1767973683871,88
1767973685000,1767973683871,88
1767973687000,1767973683871,88
1767973688000,1767973689207,87
1767973690000,1767973689207,87
1767973692000,1767973689207,87
1767973694000,1767973694114,88
1767973695000,1767973694114,88
1767973697000,1767973694114,88
1767973699000,1767973699128,86
1767973700000,1767973699128,86
1767973702000,1767973699128,86
1767973704000,1767973704153,85
1767973705000,1767973704153,85
1767973707000,1767973704153,85
1767973709000,1767973709071,88
1767973710000,1767973709071,88
1767973712000,1767973709071,88
1767973714000,1767973714080,89
1767973715000,1767973714080,89
1767973717000,1767973714080,89
1767973719000,1767973719198,90
1767973720000,1767973719198,90
1767973722000,1767973719198,90
1767973724000,1767973724115,91
1767973725000,1767973724115,91
1767973727000,1767973724115,91
1767973729000,1767973729131,89
1767973730000,1767973729131,89
1767973732000,1767973729131,89
1767973734000,1767973734151,92
1767973736000,1767973734151,92
1767973737000,1767973734151,92
1767973739000,1767973739068,92
1767973740000,1767973739068,92
1767973742000,1767973739068,92
1767973744000,1767973744220,95
1767973745000,1767973744220,95
1767973747000,1767973744220,95
1767973749000,1767973749201,96
1767973750000,1767973749201,96
1767973752000,1767973749201,96
1767973754000,1767973754122,99
1767973756000,1767973754122,99
1767973757000,1767973754122,99
1767973759000,1767973758835,100
1767973760000,1767973758835,100
1767973762000,1767973758835,100
1767973764000,1767973764050,96
1767973765000,1767973764050,96
1767973767000,1767973764050,96
1767973769000,1767973769077,100
1767973770000,1767973769077,100
1767973772000,1767973769077,100
1767973774000,1767973774187,90
1767973775000,1767973774187,90
1767973777000,1767973774187,90
1767973779000,1767973779105,94
1767973780000,1767973779105,94
1767973782000,1767973779105,94
1767973783000,1767973784120,93
1767973785000,1767973784120,93
1767973787000,1767973784120,93
1767973788000,1767973789137,93
1767973790000,1767973789137,93
1767973792000,1767973789137,93
1767973793000,1767973794163,94
1767973795000,1767973794163,94
1767973797000,1767973794163,94
1767973798000,1767973799366,106
1767973801000,1767973799366,106
1767973810000,1767973810801,97
1767973813000,1767973814135,94
1767973815000,1767973814135,94
1767973817000,1767973814135,94
1767973818000,1767973819144,98
1767973820000,1767973819144,98
1767973822000,1767973819144,98
1767973823000,1767973824163,95
1767973825000,1767973824163,95
1767973826000,1767973824163,95
1767973828000,1767973829180,95
1767973830000,1767973829180,95
1767973831000,1767973829180,95
1767973833000,1767973829180,95
1767973835000,1767973834093,94
1767973836000,1767973834093,94
1767973838000,1767973834093,94
1767973840000,1767973839111,94
1767973841000,1767973839111,94
1767973843000,1767973844129,95
1767973845000,1767973844129,95
1767973847000,1767973844129,95
1767973848000,1767973849044,95
1767973850000,1767973849044,95
1767973852000,1767973849044,95
1767973853000,1767973849044,95
1767973855000,1767973854162,97
1767973857000,1767973854162,97
1767973859000,1767973858856,96
1767973860000,1767973858856,96
1767973862000,1767973858856,96
1767973864000,1767973864105,97
1767973865000,1767973864105,97
1767973867000,1767973864105,97
1767973869000,1767973869117,92
1767973871000,1767973869117,92
1767973872000,1767973869117,92
1767973874000,1767973874130,98
1767973876000,1767973874130,98
1767973878000,1767973874130,98
1767973879000,1767973879148,89
1767973881000,1767973879148,89
1767973883000,1767973879148,89
1767973884000,1767973884167,88
1767973886000,1767973884167,88
1767973888000,1767973884167,88
1767973889000,1767973889083,86
1767973891000,1767973889083,86
1767973893000,1767973889083,86
1767973894000,1767973894102,100
1767973896000,1767973894102,100
1767973898000,1767973894102,100
1767973899000,1767973899121,90
1767973901000,1767973899121,90
1767973903000,1767973899121,90
1767973904000,1767973904151,92
1767973906000,1767973904151,92
1767973907000,1767973904151,92
1767973909000,1767973909152,87
1767973911000,1767973909152,87
1767973912000,1767973909152,87
1767973914000,1767973914175,88
1767973916000,1767973914175,88
1767973917000,1767973914175,88
1767973919000,1767973919091,87
1767973921000,1767973919091,87
1767973922000,1767973919091,87
1767973924000,1767973924102,88
1767973926000,1767973924102,88
1767973927000,1767973924102,88
1767973929000,1767973929124,88
1767973931000,1767973929124,88
1767973932000,1767973929124,88
1767973934000,1767973934138,92
1767973936000,1767973934138,92
1767973937000,1767973934138,92
1767973939000,1767973939155,98
1767973941000,1767973939155,98
1767973942000,1767973939155,98
1767973944000,1767973943882,98
1767973946000,1767973943882,98
1767973947000,1767973943882,98
1767973949000,1767973949203,93
1767973951000,1767973949203,93
1767973952000,1767973949203,93
1767973954000,1767973954107,96
1767973956000,1767973954107,96
1767973957000,1767973954107,96
1767973959000,1767973959023,88
1767973961000,1767973959023,88
1767973962000,1767973959023,88
1767973964000,1767973964144,89
1767973966000,1767973964144,89
1767973967000,1767973964144,89
1767973969000,1767973969164,96
1767973971000,1767973969164,96
1767973972000,1767973969164,96
1767973974000,1767973974075,91
1767973976000,1767973974075,91
1767973977000,1767973974075,91
1767973979000,1767973979197,88
1767973981000,1767973979197,88
1767973982000,1767973979197,88
1767973984000,1767973984112,90
1767973985000,1767973984112,90
1767973987000,1767973984112,90
1767973989000,1767973989132,83
1767973990000,1767973989132,83
1767973992000,1767973989132,83
1767973994000,1767973994150,94
1767973995000,1767973994150,94
1767973997000,1767973994150,94
1767973999000,1767973999162,92
1767974000000,1767973999162,92
1767974002000,1767973999162,92
1767974004000,1767974004181,93
1767974005000,1767974004181,93
1767974007000,1767974004181,93
1767974009000,1767974009097,94
1767974012000,1767974009097,94
1767974014000,1767974014115,93
1767974016000,1767974014115,93
1767974017000,1767974014115,93
1767974019000,1767974019134,95
1767974021000,1767974019134,95
1767974022000,1767974019134,95
1767974024000,1767974024151,93
1767974025000,1767974024151,93
1767974027000,1767974024151,93
1767974029000,1767974029070,90
1767974030000,1767974029070,90
1767974032000,1767974029070,90
1767974034000,1767974034084,93
1767974035000,1767974034084,93
1767974037000,1767974034084,93
1767974038000,1767974039104,95
1767974040000,1767974039104,95
1767974041000,1767974039104,95
1767974043000,1767974039104,95
1767974045000,1767974044121,96
1767974046000,1767974044121,96
1767974048000,1767974044121,96
1767974050000,1767974049141,95
1767974051000,1767974049141,95
1767974053000,1767974049141,95
1767974055000,1767974054164,98
1767974056000,1767974054164,98
1767974058000,1767974058248,97
1767974060000,1767974058248,97
1767974061000,1767974058248,97
1767974063000,1767974058248,97
1767974065000,1767974064196,102
1767974066000,1767974064196,102
1767974068000,1767974068491,102
1767974070000,1767974068491,102
1767974071000,1767974068491,102
1767974073000,1767974068491,102
1767974075000,1767974074126,95
1767974076000,1767974074126,95
1767974078000,1767974078730,103
1767974080000,1767974078730,103
1767974083000,1767974084163,102
1767974085000,1767974084163,102
1767974087000,1767974084163,102
1767974088000,1767974088988,91
1767974090000,1767974088988,91
1767974091000,1767974088988,91
1767974093000,1767974088988,91
1767974095000,1767974094194,89
1767974096000,1767974094194,89
1767974098000,1767974094194,89
1767974100000,1767974099115,90
1767974101000,1767974099115,90
1767974103000,1767974099115,90
1767974105000,1767974104127,91
1767974106000,1767974104127,91
1767974108000,1767974104127,91
1767974110000,1767974109150,93
1767974111000,1767974109150,93
1767974113000,1767974109150,93
1767974114000,1767974114168,93
1767974116000,1767974114168,93
1767974118000,1767974114168,93
1767974119000,1767974119185,96
1767974121000,1767974119185,96
1767974123000,1767974119185,96
1767974124000,1767974124092,89
1767974126000,1767974124092,89
1767974128000,1767974124092,89
1767974129000,1767974129111,96
1767974131000,1767974129111,96
1767974133000,1767974129111,96
1767974134000,1767974134127,94
1767974136000,1767974134127,94
1767974138000,1767974134127,94
1767974139000,1767974139147,95
1767974141000,1767974139147,95
1767974143000,1767974144171,93
1767974148000,1767974144171,93
1767974149000,1767974148837,95
1767974151000,1767974148837,95
1767974153000,1767974148837,95
1767974155000,1767974154097,95
1767974156000,1767974154097,95
1767974158000,1767974154097,95
1767974160000,1767974159115,95
1767974161000,1767974159115,95
1767974163000,1767974164146,94
1767974165000,1767974164146,94
1767974167000,1767974164146,94
1767974168000,1767974164146,94
1767974170000,1767974169152,94
1767974171000,1767974169152,94
1767974173000,1767974173857,96
1767974175000,1767974173857,96
1767974176000,1767974173857,96
1767974178000,1767974173857,96
1767974180000,1767974179186,90
1767974181000,1767974179186,90
1767974183000,1767974179186,90
1767974185000,1767974184203,92
1767974186000,1767974184203,92
1767974188000,1767974189121,103
1767974190000,1767974189121,103
1767974192000,1767974189121,103
1767974193000,1767974189121,103
1767974195000,1767974194150,95
1767974196000,1767974194150,95
1767974198000,1767974194150,95
1767974200000,1767974199154,91
1767974201000,1767974199154,91
1767974203000,1767974199154,91
1767974205000,1767974204173,90
1767974206000,1767974204173,90
1767974208000,1767974204173,90
1767974210000,1767974209193,88
1767974211000,1767974209193,88
1767974213000,1767974209193,88
1767974214000,1767974214108,93
1767974216000,1767974214108,93
1767974218000,1767974214108,93
1767974219000,1767974219123,90
1767974221000,1767974219123,90
1767974223000,1767974219123,90
1767974224000,1767974224041,92
1767974226000,1767974224041,92
1767974228000,1767974224041,92
1767974229000,1767974229157,100
1767974231000,1767974229157,100
1767974233000,1767974229157,100
1767974234000,1767974234295,95
1767974236000,1767974234295,95
1767974238000,1767974234295,95
1767974239000,1767974239088,96
1767974241000,1767974239088,96
1767974242000,1767974239088,96
1767974244000,1767974243848,93
1767974246000,1767974243848,93
1767974248000,1767974243848,93
1767974249000,1767974249235,99
1767974251000,1767974249235,99
1767974253000,1767974249235,99
1767974254000,1767974254144,93
1767974256000,1767974254144,93
1767974257000,1767974254144,93
1767974259000,1767974254144,93
1767974261000,1767974260496,95
1767974262000,1767974260496,95
1767974264000,1767974264178,96
1767974266000,1767974264178,96
1767974267000,1767974264178,96
1767974269000,1767974269093,92
1767974271000,1767974269093,92
1767974272000,1767974269093,92
1767974274000,1767974274215,98
1767974276000,1767974274215,98
1767974277000,1767974274215,98
1767974279000,1767974279130,99
1767974281000,1767974279130,99
1767974282000,1767974279130,99
1767974284000,1767974284045,96
1767974286000,1767974284045,96
1767974287000,1767974284045,96
1767974289000,1767974289165,100
1767974291000,1767974289165,100
1767974292000,1767974289165,100
1767974294000,1767974293364,91
1767974295000,1767974293364,91
1767974297000,1767974293364,91
1767974299000,1767974299095,87
1767974301000,1767974299095,87
1767974303000,1767974303707,88
1767974304000,1767974303707,88
1767974306000,1767974303707,88
1767974308000,1767974303707,88
1767974309000,1767974309135,92
1767974311000,1767974309135,92
1767974313000,1767974309135,92
1767974315000,1767974314048,87
1767974316000,1767974314048,87
1767974318000,1767974314048,87
1767974320000,1767974324183,86
1767974325000,1767974324183,86
1767974327000,1767974324183,86
1767974328000,1767974324183,86
1767974330000,1767974329108,87
1767974331000,1767974329108,87
1767974333000,1767974329108,87
1767974335000,1767974334122,96
1767974336000,1767974334122,96
1767974338000,1767974334122,96
1767974339000,1767974339137,94
1767974341000,1767974339137,94
1767974343000,1767974339137,94
1767974344000,1767974339137,94
1767974346000,1767974345488,88
1767974348000,1767974345488,88
1767974349000,1767974349177,91
1767974351000,1767974349177,91
1767974353000,1767974349177,91
1767974354000,1767974354104,91
1767974356000,1767974354104,91
1767974358000,1767974354104,91
1767974359000,1767974359115,84
1767974361000,1767974359115,84
1767974363000,1767974359115,84
1767974364000,1767974364124,83
1767974366000,1767974364124,83
1767974368000,1767974364124,83
1767974369000,1767974369140,90
1767974371000,1767974374194,93
1767974376000,1767974374194,93
1767974378000,1767974374194,93
1767974380000,1767974379076,90
1767974381000,1767974379076,90
1767974383000,1767974379076,90
1767974385000,1767974384092,92
1767974386000,1767974384092,92
1767974388000,1767974384092,92
1767974390000,1767974389109,86
1767974391000,1767974389109,86
1767974393000,1767974389109,86
1767974395000,1767974394125,88
1767974396000,1767974394125,88
1767974398000,1767974394125,88
1767974400000,1767974404172,92
1767974405000,1767974404172,92
1767974407000,1767974404172,92
1767974409000,1767974409115,90
1767974410000,1767974409115,90
1767974412000,1767974409115,90
1767974414000,1767974414123,97
1767974416000,1767974414123,97
1767974417000,1767974414123,97
1767974419000,1767974419125,96
1767974421000,1767974419125,96
1767974423000,1767974419125,96
1767974424000,1767974424150,94
1767974426000,1767974424150,94
1767974428000,1767974429048,104
1767974430000,1767974429048,104
1767974432000,1767974429048,104
1767974433000,1767974434291,96
1767974435000,1767974434291,96
1767974437000,1767974434291,96
1767974438000,1767974439188,99
1767974440000,1767974439188,99
1767974442000,1767974439188,99
1767974443000,1767974444108,93
1767974445000,1767974444108,93
1767974447000,1767974444108,93
1767974448000,1767974449119,96
1767974450000,1767974449119,96
1767974452000,1767974449119,96
1767974454000,1767974454135,95
1767974455000,1767974454135,95
1767974457000,1767974454135,95
1767974459000,1767974459161,96
1767974460000,1767974459161,96
1767974462000,1767974459161,96
1767974464000,1767974464181,96
1767974465000,1767974464181,96
1767974467000,1767974464181,96
1767974469000,1767974469087,92
1767974471000,1767974469087,92
1767974472000,1767974469087,92
1767974474000,1767974473836,99
1767974476000,1767974473836,99
1767974477000,1767974473836,99
1767974479000,1767974479121,96
1767974481000,1767974479121,96
1767974482000,1767974479121,96
1767974484000,1767974484136,96
1767974486000,1767974484136,96
1767974487000,1767974484136,96
1767974489000,1767974489052,96
1767974491000,1767974489052,96
1767974492000,1767974489052,96
1767974494000,1767974494176,95
1767974496000,1767974494176,95
1767974497000,1767974494176,95
1767974499000,1767974499092,96
1767974500000,1767974499092,96
1767974502000,1767974499092,96
1767974504000,1767974504108,95
1767974506000,1767974504108,95
1767974507000,1767974508202,97
1767974509000,1767974508202,97
1767974511000,1767974514143,96
1767974516000,1767974514143,96
1767974517000,1767974514143,96
1767974519000,1767974519056,93
1767974521000,1767974519056,93
1767974522000,1767974519056,93
1767974524000,1767974524176,93
1767974526000,1767974524176,93
1767974527000,1767974524176,93
1767974529000,1767974529092,104
1767974531000,1767974529092,104
1767974532000,1767974529092,104
1767974534000,1767974534106,97
1767974536000,1767974534106,97
1767974537000,1767974534106,97
1767974539000,1767974538923,96
1767974541000,1767974538923,96
1767974542000,1767974538923,96
1767974544000,1767974543851,107
1767974546000,1767974543851,107
1767974547000,1767974543851,107
1767974549000,1767974549081,102
1767974551000,1767974549081,102
1767974552000,1767974549081,102
1767974554000,1767974554188,102
1767974556000,1767974554188,102
1767974557000,1767974554188,102
1767974559000,1767974559095,96
1767974560000,1767974559095,96
1767974562000,1767974559095,96
1767974564000,1767974564114,96
1767974565000,1767974564114,96
1767974567000,1767974564114,96
1767974569000,1767974569132,92
1767974570000,1767974569132,92
1767974572000,1767974569132,92
1767974574000,1767974574150,97
1767974575000,1767974574150,97
1767974577000,1767974574150,97
1767974579000,1767974579169,91
1767974581000,1767974579169,91
1767974582000,1767974579169,91
1767974584000,1767974584183,97
1767974589000,1767974589100,96
1767974591000,1767974589100,96
1767974592000,1767974589100,96
1767974594000,1767974594118,94
1767974597000,1767974594118,94
1767974598000,1767974594118,94
1767974600000,1767974599133,94
1767974601000,1767974599133,94
1767974603000,1767974599133,94
1767974605000,1767974604051,92
1767974607000,1767974604051,92
1767974608000,1767974609080,88
1767974610000,1767974609080,88
1767974611000,1767974609080,88
1767974613000,1767974609080,88
1767974615000,1767974614192,92
1767974616000,1767974614192,92
1767974618000,1767974614192,92
1767974619000,1767974619108,88
1767974621000,1767974619108,88
1767974623000,1767974624127,89
1767974628000,1767974624127,89
1767974630000,1767974629141,88
1767974632000,1767974629141,88
1767974633000,1767974634162,91
1767974635000,1767974634162,91
1767974636000,1767974634162,91
1767974638000,1767974634162,91
1767974640000,1767974639173,88
1767974641000,1767974639173,88
1767974643000,1767974639173,88
1767974645000,1767974644196,88
1767974646000,1767974644196,88
1767974648000,1767974644196,88
1767974650000,1767974649114,88
1767974651000,1767974649114,88
1767974653000,1767974649114,88
1767974654000,1767974654125,88
1767974656000,1767974654125,88
1767974658000,1767974654125,88
1767974659000,1767974659142,88
1767974661000,1767974659142,88
1767974663000,1767974659142,88
1767974664000,1767974664158,88
1767974666000,1767974664158,88
1767974668000,1767974664158,88
1767974669000,1767974669175,89
1767974671000,1767974669175,89
1767974673000,1767974669175,89
1767974674000,1767974674097,91
1767974676000,1767974674097,91
1767974678000,1767974674097,91
1767974679000,1767974679109,91
1767974681000,1767974679109,91
1767974683000,1767974679109,91
1767974684000,1767974684127,88
1767974686000,1767974684127,88
1767974687000,1767974684127,88
1767974689000,1767974689145,89
1767974691000,1767974689145,89
1767974692000,1767974689145,89
1767974694000,1767974694062,89
1767974696000,1767974694062,89
1767974697000,1767974694062,89
1767974699000,1767974699079,97
1767974701000,1767974699079,97
1767974702000,1767974699079,97
1767974704000,1767974704214,98
1767974706000,1767974704214,98
1767974708000,1767974704214,98
1767974709000,1767974709135,99
1767974711000,1767974709135,99
1767974713000,1767974709135,99
1767974714000,1767974714038,95
1767974716000,1767974714038,95
1767974718000,1767974714038,95
1767974719000,1767974719152,95
1767974721000,1767974719152,95
1767974723000,1767974719152,95
1767974724000,1767974724174,90
1767974726000,1767974724174,90
1767974728000,1767974724174,90
1767974729000,1767974729195,90
1767974731000,1767974729195,90
1767974733000,1767974729195,90
1767974735000,1767974734208,97
1767974736000,1767974734208,97
1767974738000,1767974734208,97
1767974740000,1767974739117,93
1767974741000,1767974739117,93
1767974743000,1767974739117,93
1767974744000,1767974744135,98
1767974746000,1767974744135,98
1767974748000,1767974744135,98
1767974750000,1767974749152,89
1767974751000,1767974749152,89
1767974753000,1767974749152,89
1767974754000,1767974754170,85
1767974756000,1767974754170,85
1767974758000,1767974754170,85
1767974759000,1767974759092,89
1767974761000,1767974759092,89
1767974763000,1767974759092,89
1767974764000,1767974764215,89
1767974766000,1767974764215,89
1767974767000,1767974764215,89
1767974769000,1767974769023,84
1767974771000,1767974769023,84
1767974772000,1767974769023,84
1767974774000,1767974774138,84
1767974775000,1767974774138,84
1767974777000,1767974774138,84
1767974779000,1767974779156,84
1767974780000,1767974779156,84
1767974782000,1767974779156,84
1767974784000,1767974784174,84
1767974785000,1767974784174,84
1767974787000,1767974784174,84
1767974789000,1767974789087,85
1767974790000,1767974789087,85
1767974792000,1767974789087,85
1767974794000,1767974793846,83
1767974795000,1767974793846,83
1767974797000,1767974793846,83
1767974798000,1767974799125,83
1767974800000,1767974799125,83
1767974802000,1767974799125,83
1767974803000,1767974804146,84
1767974805000,1767974804146,84
1767974807000,1767974804146,84
1767974808000,1767974804146,84
1767974810000,1767974809162,87
1767974812000,1767974809162,87
1767974813000,1767974809162,87
1767974815000,1767974814177,89
1767974816000,1767974814177,89
1767974818000,1767974814177,89
1767974820000,1767974819094,89
1767974821000,1767974819094,89
1767974823000,1767974819094,89
1767974824000,1767974824114,89
1767974829000,1767974829232,88
1767974831000,1767974829232,88
1767974833000,1767974829232,88
1767974834000,1767974834145,88
1767974836000,1767974834145,88
1767974838000,1767974834145,88
1767974839000,1767974839163,87
1767974841000,1767974839163,87
1767974843000,1767974839163,87
1767974844000,1767974844183,88
1767974846000,1767974844183,88
1767974848000,1767974844183,88
1767974849000,1767974849096,87
1767974851000,1767974849096,87
1767974853000,1767974849096,87
1767974854000,1767974854118,87
1767974856000,1767974854118,87
1767974858000,1767974854118,87
1767974859000,1767974859135,88
1767974861000,1767974859135,88
1767974863000,1767974859135,88
1767974864000,1767974864151,88
1767974866000,1767974864151,88
1767974868000,1767974864151,88
1767974870000,1767974869168,85
1767974871000,1767974869168,85
1767974873000,1767974869168,85
1767974875000,1767974874184,85
1767974876000,1767974874184,85
1767974878000,1767974874184,85
1767974880000,1767974879097,84
1767974881000,1767974879097,84
1767974883000,1767974879097,84
1767974885000,1767974884132,87
1767974886000,1767974889143,91
1767974890000,1767974889143,91
1767974892000,1767974889143,91
1767974893000,1767974889143,91
1767974895000,1767974894153,89
1767974896000,1767974894153,89
1767974898000,1767974894153,89
1767974900000,1767974899171,90
1767974901000,1767974899171,90
1767974903000,1767974899171,90
1767974905000,1767974904086,90
1767974906000,1767974904086,90
1767974908000,1767974909102,93
1767974910000,1767974909102,93
1767974912000,1767974909102,93
1767974913000,1767974909102,93
1767974915000,1767974914224,90
1767974917000,1767974914224,90
1767974918000,1767974919138,90
1767974920000,1767974919138,90
1767974922000,1767974919138,90
1767974923000,1767974924153,87
1767974925000,1767974924153,87
1767974927000,1767974924153,87
1767974928000,1767974929176,87
1767974930000,1767974929176,87
1767974932000,1767974929176,87
1767974933000,1767974934090,90
1767974935000,1767974934090,90
1767974937000,1767974934090,90
1767974938000,1767974939112,98
1767974940000,1767974939112,98
1767974942000,1767974939112,98
1767974943000,1767974944130,101
1767974945000,1767974944130,101
1767974947000,1767974944130,101
1767974948000,1767974949144,94
1767974950000,1767974949144,94
1767974952000,1767974949144,94
1767974953000,1767974954160,94
1767974955000,1767974954160,94
1767974957000,1767974954160,94
1767974958000,1767974959086,93
1767974960000,1767974959086,93
1767974962000,1767974959086,93
1767974963000,1767974964092,90
1767974965000,1767974964092,90
1767974967000,1767974968396,86
1767974972000,1767974968396,86
1767974973000,1767974968396,86
1767974975000,1767974974130,89
1767974976000,1767974974130,89
1767974978000,1767974978634,84
1767974983000,1767974978634,84
1767974985000,1767974984064,88
1767974986000,1767974984064,88
1767974988000,1767974984064,88
1767974989000,1767974989080,86
1767974991000,1767974989080,86
1767974993000,1767974989080,86
1767974994000,1767974994101,85
1767974996000,1767974994101,85
1767974997000,1767974994101,85
1767974999000,1767974999116,85
1767975001000,1767974999116,85
1767975003000,1767974999116,85
1767975004000,1767975004140,87
1767975006000,1767975004140,87
1767975008000,1767975004140,87
1767975009000,1767975009156,92
1767975011000,1767975014072,90
1767975016000,1767975014072,90
1767975018000,1767975014072,90
1767975020000,1767975019085,90
1767975021000,1767975024104,89
1767975026000,1767975024104,89
1767975028000,1767975024104,89
1767975030000,1767975029120,88
1767975031000,1767975029120,88
1767975033000,1767975029120,88
1767975034000,1767975034137,88
1767975036000,1767975034137,88
1767975038000,1767975034137,88
1767975039000,1767975039154,90
1767975041000,1767975039154,90
1767975043000,1767975039154,90
1767975044000,1767975044176,90
1767975046000,1767975044176,90
1767975048000,1767975044176,90
1767975049000,1767975049088,95
1767975051000,1767975049088,95
1767975052000,1767975049088,95
1767975054000,1767975054204,96
1767975056000,1767975054204,96
1767975057000,1767975054204,96
1767975059000,1767975059125,92
1767975060000,1767975059125,92
1767975062000,1767975059125,92
1767975064000,1767975064149,90
1767975065000,1767975064149,90
1767975067000,1767975064149,90
1767975069000,1767975069159,93
1767975070000,1767975069159,93
1767975072000,1767975069159,93
1767975074000,1767975074176,84
1767975075000,1767975074176,84
1767975077000,1767975074176,84
1767975079000,1767975079091,80
1767975080000,1767975079091,80
1767975082000,1767975079091,80
1767975084000,1767975084108,80
1767975085000,1767975084108,80
1767975087000,1767975084108,80
1767975089000,1767975089126,82
1767975090000,1767975089126,82
1767975092000,1767975089126,82
1767975094000,1767975094044,98
1767975096000,1767975094044,98
1767975097000,1767975094044,98
1767975099000,1767975099158,88
1767975101000,1767975104088,90
1767975105000,1767975104088,90
1767975107000,1767975104088,90
1767975109000,1767975109101,87
1767975110000,1767975109101,87
1767975112000,1767975109101,87
1767975114000,1767975114113,92
1767975115000,1767975114113,92
1767975117000,1767975114113,92
1767975119000,1767975119026,94
1767975121000,1767975119026,94
1767975123000,1767975119026,94
1767975124000,1767975124144,98
1767975126000,1767975124144,98
1767975128000,1767975124144,98
1767975129000,1767975129162,97
1767975131000,1767975129162,97
1767975132000,1767975129162,97
1767975134000,1767975134090,90
1767975136000,1767975134090,90
1767975138000,1767975134090,90
1767975139000,1767975139102,94
1767975144000,1767975143857,86
1767975146000,1767975143857,86
1767975147000,1767975143857,86
1767975149000,1767975149134,89
1767975151000,1767975149134,89
1767975153000,1767975149134,89
1767975154000,1767975154149,89
1767975156000,1767975154149,89
1767975157000,1767975154149,89
1767975159000,1767975159167,89
1767975161000,1767975159167,89
1767975162000,1767975159167,89
1767975164000,1767975164194,98
1767975166000,1767975164194,98
1767975167000,1767975164194,98
1767975169000,1767975169112,97
1767975171000,1767975169112,97
1767975172000,1767975169112,97
1767975174000,1767975174117,93
1767975176000,1767975174117,93
1767975177000,1767975174117,93
1767975179000,1767975179146,91
1767975180000,1767975179146,91
1767975182000,1767975179146,91
1767975184000,1767975184153,90
1767975185000,1767975184153,90
1767975187000,1767975184153,90
1767975189000,1767975189070,94
1767975190000,1767975189070,94
1767975192000,1767975189070,94
1767975194000,1767975193370,93
1767975195000,1767975193370,93
1767975197000,1767975193370,93
1767975199000,1767975199103,94
1767975200000,1767975199103,94
1767975202000,1767975199103,94
1767975204000,1767975199103,94
1767975205000,1767975204737,92
1767975207000,1767975204737,92
1767975209000,1767975209139,88
1767975210000,1767975209139,88
1767975212000,1767975209139,88
1767975213000,1767975213752,87
1767975215000,1767975213752,87
1767975217000,1767975213752,87
1767975219000,1767975219075,83
1767975220000,1767975219075,83
1767975222000,1767975219075,83
1767975224000,1767975223718,91
1767975225000,1767975223718,91
1767975227000,1767975223718,91
1767975228000,1767975229113,91
1767975230000,1767975229113,91
1767975232000,1767975229113,91
1767975233000,1767975229113,91
1767975235000,1767975234131,86
1767975236000,1767975234131,86
1767975238000,1767975234131,86
1767975240000,1767975239144,88
1767975242000,1767975239144,88
1767975244000,1767975244164,88
1767975245000,1767975244164,88
1767975247000,1767975244164,88
1767975248000,1767975248793,90
1767975250000,1767975248793,90
1767975252000,1767975254202,90
1767975257000,1767975254202,90
1767975258000,1767975259113,95
1767975260000,1767975259113,95
1767975265000,1767975264129,98
1767975266000,1767975264129,98
1767975268000,1767975264129,98
1767975270000,1767975269249,94
1767975271000,1767975269249,94
1767975273000,1767975269249,94
1767975275000,1767975274169,90
1767975277000,1767975274169,90
1767975278000,1767975279080,90
1767975280000,1767975279080,90
1767975281000,1767975279080,90
1767975283000,1767975279080,90
1767975285000,1767975284202,95
1767975286000,1767975284202,95
1767975288000,1767975284202,95
1767975290000,1767975289116,99
1767975291000,1767975289116,99
1767975293000,1767975289116,99
1767975295000,1767975294264,91
1767975296000,1767975294264,91
1767975298000,1767975294264,91
1767975300000,1767975299154,98
1767975301000,1767975299154,98
1767975303000,1767975299154,98
1767975305000,1767975304171,101
1767975306000,1767975304171,101
1767975308000,1767975309086,97
1767975313000,1767975309086,97
1767975315000,1767975314112,95
1767975316000,1767975314112,95
1767975318000,1767975314112,95
1767975320000,1767975319351,94
1767975322000,1767975319351,94
1767975323000,1767975324138,91
1767975325000,1767975324138,91
1767975327000,1767975324138,91
1767975329000,1767975329153,87
1767975330000,1767975329153,87
1767975332000,1767975329153,87
1767975334000,1767975334171,87
1767975335000,1767975334171,87
1767975337000,1767975334171,87
1767975339000,1767975339190,84
1767975340000,1767975339190,84
1767975342000,1767975339190,84
1767975343000,1767975344106,87
1767975345000,1767975344106,87
1767975347000,1767975344106,87
1767975348000,1767975349124,84
1767975350000,1767975349124,84
1767975352000,1767975354242,88
1767975356000,1767975354242,88
1767975358000,1767975354242,88
1767975360000,1767975359162,87
1767975361000,1767975359162,87
1767975363000,1767975359162,87
1767975365000,1767975364076,90
1767975366000,1767975364076,90
1767975368000,1767975364076,90
1767975370000,1767975370423,98
1767975371000,1767975370423,98
1767975373000,1767975374111,96
1767975375000,1767975374111,96
1767975377000,1767975374111,96
1767975378000,1767975379126,92
1767975380000,1767975379126,92
1767975382000,1767975379126,92
1767975383000,1767975379126,92
1767975385000,1767975384144,94
1767975387000,1767975384144,94
1767975388000,1767975389160,93
1767975390000,1767975389160,93
1767975391000,1767975394078,98
1767975396000,1767975394078,98
1767975398000,1767975394078,98
1767975400000,1767975399101,89
1767975401000,1767975399101,89
1767975403000,1767975399101,89
1767975405000,1767975404110,95
1767975406000,1767975404110,95
1767975408000,1767975404110,95
1767975410000,1767975409132,88
1767975412000,1767975409132,88
1767975413000,1767975409132,88
1767975415000,1767975414151,88
1767975417000,1767975414151,88
1767975418000,1767975418867,93
1767975420000,1767975418867,93
1767975422000,1767975418867,93
1767975423000,1767975424185,93
1767975425000,1767975424185,93
1767975427000,1767975424185,93
1767975428000,1767975428852,95
1767975430000,1767975428852,95
1767975432000,1767975428852,95
1767975433000,1767975434117,96
1767975435000,1767975434117,96
1767975437000,1767975434117,96
1767975438000,1767975434117,96
1767975440000,1767975439236,93
1767975441000,1767975439236,93
1767975443000,1767975439236,93
1767975445000,1767975444171,95
1767975446000,1767975444171,95
1767975448000,1767975448968,91
1767975450000,1767975448968,91
1767975452000,1767975448968,91
1767975453000,1767975448968,91
1767975455000,1767975454087,98
1767975456000,1767975454087,98
1767975458000,1767975454087,98
1767975459000,1767975459100,92
1767975461000,1767975459100,92
1767975463000,1767975459100,92
1767975465000,1767975464117,96
1767975466000,1767975464117,96
1767975468000,1767975464117,96
1767975470000,1767975469237,97
1767975471000,1767975469237,97
1767975473000,1767975469237,97
1767975475000,1767975474158,93
1767975476000,1767975474158,93
1767975478000,1767975474158,93
1767975480000,1767975479174,97
1767975481000,1767975479174,97
1767975483000,1767975479174,97
1767975485000,1767975484193,97
1767975487000,1767975484193,97
1767975488000,1767975488946,93
1767975490000,1767975488946,93
1767975492000,1767975488946,93
1767975493000,1767975494124,95
1767975495000,1767975494124,95
1767975497000,1767975494124,95
1767975498000,1767975499244,94
1767975500000,1767975499244,94
1767975502000,1767975504055,92
1767975507000,1767975504055,92
1767975508000,1767975509074,92
1767975510000,1767975509074,92
1767975512000,1767975509074,92
1767975514000,1767975514095,96
1767975515000,1767975514095,96
1767975517000,1767975514095,96
1767975518000,1767975519111,98
1767975520000,1767975519111,98
1767975522000,1767975519111,98
1767975524000,1767975524127,95
1767975526000,1767975524127,95
1767975527000,1767975524127,95
1767975529000,1767975529149,102
1767975530000,1767975529149,102
1767975532000,1767975529149,102
1767975534000,1767975534163,95
1767975536000,1767975534163,95
1767975537000,1767975534163,95
1767975539000,1767975539078,104
1767975541000,1767975539078,104
1767975542000,1767975539078,104
1767975544000,1767975544198,107
1767975545000,1767975544198,107
1767975547000,1767975544198,107
1767975549000,1767975549114,101
1767975551000,1767975549114,101
1767975553000,1767975549114,101
1767975554000,1767975554028,99
1767975556000,1767975554028,99
1767975558000,1767975554028,99
1767975559000,1767975559151,96
1767975561000,1767975559151,96
1767975563000,1767975559151,96
1767975565000,1767975564066,95
1767975566000,1767975564066,95
1767975568000,1767975564066,95
1767975569000,1767975569102,96
1767975571000,1767975569102,96
1767975573000,1767975569102,96
1767975574000,1767975574205,93
1767975576000,1767975574205,93
1767975578000,1767975574205,93
1767975579000,1767975579122,93
1767975581000,1767975579122,93
1767975583000,1767975579122,93
1767975584000,1767975584135,94
1767975586000,1767975584135,94
1767975588000,1767975584135,94
1767975589000,1767975589154,88
1767975591000,1767975589154,88
1767975593000,1767975589154,88
1767975594000,1767975594066,85
1767975596000,1767975594066,85
1767975598000,1767975594066,85
1767975599000,1767975599177,88
1767975601000,1767975599177,88
1767975603000,1767975599177,88
1767975605000,1767975604111,84
1767975606000,1767975604111,84
1767975608000,1767975604111,84
1767975610000,1767975609123,85
1767975611000,1767975609123,85
1767975613000,1767975609123,85
1767975615000,1767975614145,84
1767975616000,1767975614145,84
1767975618000,1767975614145,84
1767975619000,1767975619165,86
1767975621000,1767975619165,86
1767975623000,1767975619165,86
1767975624000,1767975624188,85
1767975626000,1767975624188,85
1767975627000,1767975624188,85
1767975629000,1767975629097,81
1767975631000,1767975629097,81
1767975632000,1767975629097,81
1767975634000,1767975634106,82
1767975635000,1767975634106,82
1767975637000,1767975634106,82
1767975639000,1767975639121,83
1767975640000,1767975639121,83
1767975642000,1767975639121,83
1767975644000,1767975644143,83
1767975645000,1767975644143,83
1767975647000,1767975644143,83
1767975648000,1767975649163,83
1767975650000,1767975649163,83
1767975651000,1767975649163,83
1767975653000,1767975653458,84
1767975655000,1767975653458,84
1767975656000,1767975653458,84
1767975658000,1767975653458,84
1767975660000,1767975659198,88
1767975661000,1767975659198,88
1767975663000,1767975659198,88
1767975665000,1767975664111,88
1767975666000,1767975664111,88
1767975668000,1767975664111,88
1767975670000,1767975669130,87
1767975671000,1767975669130,87
1767975673000,1767975669130,87
1767975675000,1767975674247,90
1767975676000,1767975674247,90
1767975678000,1767975674247,90
1767975679000,1767975679171,88
1767975681000,1767975679171,88
1767975683000,1767975679171,88
1767975684000,1767975684081,87
1767975686000,1767975684081,87
1767975687000,1767975684081,87
1767975689000,1767975689202,88
1767975691000,1767975694216,88
1767975696000,1767975694216,88
1767975697000,1767975694216,88
1767975699000,1767975694216,88
1767975701000,1767975700584,91
1767975702000,1767975700584,91
1767975704000,1767975704149,89
1767975706000,1767975704149,89
1767975707000,1767975704149,89
1767975709000,1767975709164,84
1767975711000,1767975709164,84
1767975712000,1767975709164,84
1767975714000,1767975714084,85
1767975716000,1767975714084,85
1767975717000,1767975714084,85
1767975719000,1767975719200,82
1767975721000,1767975719200,82
1767975723000,1767975719200,82
1767975724000,1767975724117,86
1767975726000,1767975724117,86
1767975728000,1767975724117,86
1767975729000,1767975729136,86
1767975731000,1767975729136,86
1767975733000,1767975729136,86
1767975734000,1767975734154,85
1767975736000,1767975734154,85
1767975737000,1767975734154,85
1767975739000,1767975739169,86
1767975741000,1767975739169,86
1767975742000,1767975739169,86
1767975744000,1767975744106,89
1767975746000,1767975744106,89
1767975748000,1767975744106,89
1767975749000,1767975749203,88
1767975751000,1767975749203,88
1767975753000,1767975749203,88
1767975755000,1767975754122,90
1767975756000,1767975754122,90
1767975758000,1767975754122,90
1767975760000,1767975759137,86
1767975761000,1767975759137,86
1767975763000,1767975759137,86
1767975765000,1767975764264,86
1767975767000,1767975769174,88
1767975771000,1767975769174,88
1767975773000,1767975769174,88
1767975775000,1767975774091,90
1767975776000,1767975774091,90
1767975778000,1767975779104,93
1767975780000,1767975779104,93
1767975782000,1767975779104,93
1767975783000,1767975779104,93
1767975785000,1767975785455,87
1767975787000,1767975785455,87
1767975788000,1767975788862,85
1767975790000,1767975788862,85
1767975792000,1767975788862,85
1767975793000,1767975794165,85
1767975795000,1767975794165,85
1767975797000,1767975794165,85
1767975798000,1767975799175,82
1767975800000,1767975799175,82
1767975802000,1767975799175,82
1767975803000,1767975804096,86
1767975805000,1767975804096,86
1767975807000,1767975804096,86
1767975808000,1767975809113,82
1767975810000,1767975809113,82
1767975813000,1767975809113,82
1767975816000,1767975814688,83
1767975821000,1767975820014,83
1767975823000,1767975820014,83
1767975825000,1767975824164,85
1767975826000,1767975824164,85
1767975828000,1767975824164,85
1767975830000,1767975829077,85
1767975831000,1767975829077,85
1767975833000,1767975829077,85
1767975835000,1767975834098,84
1767975836000,1767975834098,84
1767975838000,1767975834098,84
1767975839000,1767975839217,84
1767975841000,1767975839217,84
1767975843000,1767975839217,84
1767975844000,1767975844235,85
1767975846000,1767975849149,91
1767975851000,1767975849149,91
1767975852000,1767975849149,91
1767975854000,1767975854168,92
1767975856000,1767975854168,92
1767975857000,1767975854168,92
1767975859000,1767975859083,85
1767975860000,1767975859083,85
1767975862000,1767975859083,85
1767975864000,1767975864107,86
1767975865000,1767975864107,86
1767975867000,1767975864107,86
1767975869000,1767975868195,82
1767975870000,1767975868195,82
1767975872000,1767975868195,82
1767975873000,1767975874153,83
1767975875000,1767975874153,83
1767975877000,1767975874153,83
1767975878000,1767975879153,86
1767975880000,1767975879153,86
1767975882000,1767975879153,86
1767975883000,1767975884170,85
1767975885000,1767975884170,85
1767975887000,1767975884170,85
1767975888000,1767975889087,87
1767975890000,1767975889087,87
1767975892000,1767975889087,87
1767975893000,1767975894110,84
1767975895000,1767975894110,84
1767975897000,1767975894110,84
1767975898000,1767975894110,84
1767975900000,1767975899122,82
1767975901000,1767975904280,81
1767975906000,1767975904280,81
1767975908000,1767975904280,81
1767975910000,1767975909057,80
1767975911000,1767975909057,80
1767975913000,1767975909057,80
1767975915000,1767975914073,81
1767975917000,1767975914073,81
1767975918000,1767975919090,85
1767975920000,1767975919090,85
1767975921000,1767975919090,85
1767975923000,1767975919090,85
1767975925000,1767975924109,84
1767975926000,1767975924109,84
1767975928000,1767975924109,84
1767975930000,1767975929132,87
1767975931000,1767975929132,87
1767975933000,1767975929132,87
1767975935000,1767975934143,85
1767975936000,1767975934143,85
1767975938000,1767975934143,85
1767975940000,1767975939162,87
1767975941000,1767975939162,87
1767975943000,1767975939162,87
1767975944000,1767975944077,87
1767975946000,1767975944077,87
1767975948000,1767975944077,87
1767975949000,1767975949195,87
1767975951000,1767975949195,87
1767975952000,1767975949195,87
1767975954000,1767975954368,88
1767975956000,1767975954368,88
1767975957000,1767975954368,88
1767975959000,1767975959130,89
1767975961000,1767975959130,89
1767975962000,1767975959130,89
1767975964000,1767975964047,87
1767975965000,1767975964047,87
1767975967000,1767975964047,87
1767975969000,1767975969165,88
1767975970000,1767975969165,88
1767975972000,1767975969165,88
1767975974000,1767975974084,81
1767975975000,1767975974084,81
1767975977000,1767975974084,81
1767975979000,1767975979307,82
1767975980000,1767975979307,82
1767975982000,1767975979307,82
1767975984000,1767975984115,81
1767975985000,1767975984115,81
1767975987000,1767975984115,81
1767975989000,1767975989233,83
1767975991000,1767975989233,83
1767975992000,1767975989233,83
1767975994000,1767975994060,83
1767975995000,1767975994060,83
1767975997000,1767975994060,83
1767975999000,1767975999065,87
1767976000000,1767975999065,87
1767976002000,1767975999065,87
1767976004000,1767976004085,82
1767976006000,1767976004085,82
1767976008000,1767976004085,82
1767976009000,1767976009103,82
1767976011000,1767976009103,82
1767976013000,1767976009103,82
1767976014000,1767976014120,82
1767976016000,1767976014120,82
1767976018000,1767976014120,82
1767976019000,1767976019237,83
1767976021000,1767976019237,83
1767976023000,1767976019237,83
1767976025000,1767976024051,82
1767976026000,1767976024051,82
1767976028000,1767976024051,82
1767976030000,1767976029072,81
1767976034000,1767976034089,82
1767976036000,1767976034089,82
1767976038000,1767976034089,82
1767976039000,1767976038792,84
1767976041000,1767976038792,84
1767976043000,1767976038792,84
1767976044000,1767976044121,84
1767976046000,1767976044121,84
1767976048000,1767976044121,84
1767976049000,1767976048842,90
1767976051000,1767976048842,90
1767976053000,1767976048842,90
1767976054000,1767976054161,89
1767976056000,1767976054161,89
1767976058000,1767976054161,89
1767976059000,1767976059072,93
1767976061000,1767976059072,93
1767976063000,1767976059072,93
1767976064000,1767976064192,92
1767976066000,1767976064192,92
1767976067000,1767976064192,92
1767976069000,1767976069211,86
1767976070000,1767976069211,86
1767976072000,1767976069211,86
1767976074000,1767976074123,85
1767976076000,1767976074123,85
1767976077000,1767976074123,85
1767976079000,1767976079149,86
1767976081000,1767976079149,86
1767976082000,1767976079149,86
1767976084000,1767976084166,87
1767976085000,1767976084166,87
1767976087000,1767976084166,87
1767976089000,1767976089075,87
1767976090000,1767976089075,87
1767976092000,1767976089075,87
1767976094000,1767976093181,84
1767976095000,1767976093181,84
1767976097000,1767976093181,84
1767976099000,1767976099215,85
1767976100000,1767976099215,85
1767976102000,1767976099215,85
1767976103000,1767976104130,84
1767976105000,1767976104130,84
1767976106000,1767976104130,84
1767976108000,1767976104130,84
1767976110000,1767976109147,85
1767976111000,1767976109147,85
1767976113000,1767976114170,84
1767976115000,1767976114170,84
1767976117000,1767976114170,84
1767976118000,1767976119087,84
1767976120000,1767976119087,84
1767976122000,1767976119087,84
1767976123000,1767976124111,87
1767976125000,1767976124111,87
1767976127000,1767976124111,87
1767976128000,1767976129224,93
1767976130000,1767976129224,93
1767976132000,1767976129224,93
1767976133000,1767976134132,91
1767976135000,1767976134132,91
1767976137000,1767976134132,91
1767976138000,1767976139152,91
1767976140000,1767976139152,91
1767976142000,1767976139152,91
1767976143000,1767976144170,86
1767976145000,1767976144170,86
1767976147000,1767976144170,86
1767976149000,1767976149083,84
1767976150000,1767976149083,84
1767976152000,1767976149083,84
1767976154000,1767976154103,84
1767976156000,1767976154103,84
1767976157000,1767976154103,84
1767976159000,1767976159121,85
1767976161000,1767976159121,85
1767976162000,1767976159121,85
1767976164000,1767976164139,82
1767976166000,1767976164139,82
1767976167000,1767976164139,82
1767976169000,1767976169354,82
1767976171000,1767976169354,82
1767976173000,1767976174502,83
1767976177000,1767976174502,83
1767976181000,1767976179672,81
1767976182000,1767976179672,81
1767976184000,1767976184106,82
1767976186000,1767976184106,82
1767976188000,1767976184106,82
1767976189000,1767976189325,81
1767976194000,1767976194040,84
1767976196000,1767976194040,84
1767976198000,1767976194040,84
1767976199000,1767976199157,84
1767976201000,1767976199157,84
1767976203000,1767976199157,84
1767976205000,1767976204194,84
1767976206000,1767976204194,84
1767976208000,1767976209107,84
1767976210000,1767976209107,84
1767976212000,1767976209107,84
1767976213000,1767976214108,86
1767976215000,1767976214108,86
1767976217000,1767976214108,86
1767976219000,1767976214108,86
1767976220000,1767976214108,86
1767976222000,1767976214108,86
1767976224000,1767976214108,86
1767976225000,1767976224667,87
1767976227000,1767976224667,87
1767976229000,1767976229168,87
1767976230000,1767976229168,87
1767976232000,1767976229168,87
1767976234000,1767976234086,86
1767976235000,1767976234086,86
1767976237000,1767976234086,86
1767976238000,1767976239095,85
1767976240000,1767976239095,85
1767976242000,1767976239095,85
1767976243000,1767976244214,85
1767976245000,1767976244214,85
1767976247000,1767976244214,85
1767976248000,1767976249135,88
1767976250000,1767976249135,88
1767976252000,1767976249135,88
1767976253000,1767976254053,88
1767976255000,1767976254053,88
1767976257000,1767976254053,88
1767976259000,1767976259173,87
1767976260000,1767976259173,87
1767976262000,1767976259173,87
1767976264000,1767976264082,87
1767976265000,1767976264082,87
1767976267000,1767976264082,87
1767976269000,1767976269101,86
1767976270000,1767976269101,86
1767976272000,1767976269101,86
1767976274000,1767976274217,86
1767976276000,1767976274217,86
1767976277000,1767976274217,86
1767976279000,1767976279132,87
1767976281000,1767976279132,87
1767976283000,1767976279132,87
1767976284000,1767976284153,86
1767976286000,1767976284153,86
1767976288000,1767976284153,86
1767976290000,1767976289167,88
1767976291000,1767976289167,88
1767976293000,1767976289167,88
1767976295000,1767976294192,86
1767976296000,1767976294192,86
1767976298000,1767976299105,88
1767976300000,1767976299105,88
1767976301000,1767976299105,88
1767976303000,1767976299105,88
1767976305000,1767976304224,83
1767976306000,1767976304224,83
1767976308000,1767976304224,83
1767976310000,1767976309135,85
1767976312000,1767976309135,85
1767976313000,1767976314165,84
1767976315000,1767976314165,84
1767976317000,1767976314165,84
1767976318000,1767976319171,84
1767976320000,1767976319171,84
1767976322000,1767976319171,84
1767976323000,1767976324088,84
1767976325000,1767976324088,84
1767976327000,1767976324088,84
1767976329000,1767976328861,84
1767976330000,1767976328861,84
1767976332000,1767976328861,84
1767976334000,1767976333962,84
1767976335000,1767976333962,84
1767976337000,1767976333962,84
1767976339000,1767976339145,79
1767976340000,1767976339145,79
1767976342000,1767976339145,79
1767976344000,1767976344057,79
1767976346000,1767976344057,79
1767976347000,1767976344057,79
1767976349000,1767976349078,80
1767976351000,1767976349078,80
1767976352000,1767976349078,80
1767976354000,1767976354098,81
1767976356000,1767976354098,81
1767976357000,1767976354098,81
1767976359000,1767976359209,82
1767976361000,1767976359209,82
1767976363000,1767976359209,82
1767976364000,1767976364134,82
1767976366000,1767976364134,82
1767976368000,1767976364134,82
1767976369000,1767976369148,84
1767976371000,1767976369148,84
1767976373000,1767976369148,84
1767976374000,1767976369148,84
1767976376000,1767976375401,84
1767976377000,1767976375401,84
1767976379000,1767976379075,85
1767976381000,1767976379075,85
1767976382000,1767976379075,85
1767976384000,1767976384204,85
1767976386000,1767976384204,85
1767976387000,1767976384204,85
1767976389000,1767976389227,93
1767976391000,1767976389227,93
1767976392000,1767976389227,93
1767976394000,1767976394131,85
1767976396000,1767976394131,85
1767976397000,1767976394131,85
1767976399000,1767976399146,99
1767976401000,1767976399146,99
1767976402000,1767976399146,99
1767976404000,1767976404165,97
1767976406000,1767976404165,97
1767976407000,1767976404165,97
1767976409000,1767976409090,96
1767976411000,1767976409090,96
1767976413000,1767976409090,96
1767976415000,1767976414201,90
1767976416000,1767976414201,90
1767976418000,1767976414201,90
1767976420000,1767976419225,98
1767976421000,1767976419225,98
1767976423000,1767976419225,98
1767976425000,1767976424133,92
1767976426000,1767976424133,92
1767976428000,1767976424133,92
1767976430000,1767976429256,86
1767976431000,1767976429256,86
1767976433000,1767976429256,86
1767976434000,1767976434167,85
1767976436000,1767976434167,85
1767976438000,1767976434167,85
1767976439000,1767976439091,85
1767976441000,1767976439091,85
1767976443000,1767976439091,85
1767976445000,1767976444107,84
1767976446000,1767976444107,84
1767976448000,1767976449119,84
1767976450000,1767976449119,84
1767976455000,1767976454170,85
1767976456000,1767976454170,85
1767976458000,1767976454170,85
1767976460000,1767976459060,87
1767976461000,1767976459060,87
1767976463000,1767976463997,86
1767976465000,1767976463997,86
1767976466000,1767976463997,86
1767976468000,1767976463997,86
1767976470000,1767976469191,88
1767976472000,1767976469191,88
1767976473000,1767976474106,87
1767976475000,1767976474106,87
1767976477000,1767976474106,87
1767976478000,1767976479123,91
1767976480000,1767976479123,91
1767976481000,1767976479123,91
1767976483000,1767976484140,91
1767976485000,1767976484140,91
1767976486000,1767976484140,91
1767976488000,1767976489062,98
1767976490000,1767976489062,98
1767976492000,1767976489062,98
1767976493000,1767976494073,95
1767976495000,1767976494073,95
1767976497000,1767976494073,95
1767976499000,1767976499194,87
1767976500000,1767976499194,87
1767976502000,1767976499194,87
1767976503000,1767976504120,89
1767976505000,1767976504120,89
1767976507000,1767976504120,89
1767976508000,1767976509129,86
1767976510000,1767976509129,86
1767976512000,1767976509129,86
1767976513000,1767976514145,86
1767976515000,1767976514145,86
1767976517000,1767976514145,86
1767976518000,1767976519066,87
1767976520000,1767976519066,87
1767976522000,1767976519066,87
1767976523000,1767976524178,86
1767976525000,1767976524178,86
1767976527000,1767976524178,86
1767976529000,1767976528997,86
1767976530000,1767976528997,86
1767976532000,1767976528997,86
1767976534000,1767976534113,85
1767976535000,1767976534113,85
1767976537000,1767976534113,85
1767976539000,1767976539130,83
1767976540000,1767976539130,83
1767976542000,1767976539130,83
1767976544000,1767976543126,83
1767976545000,1767976543126,83
1767976547000,1767976543126,83
1767976549000,1767976549065,83
1767976550000,1767976549065,83
1767976552000,1767976549065,83
1767976554000,1767976554027,83
1767976556000,1767976554027,83
1767976557000,1767976554027,83
1767976559000,1767976559097,87
1767976561000,1767976559097,87
1767976562000,1767976559097,87
1767976564000,1767976563608,84
1767976566000,1767976563608,84
1767976567000,1767976569136,85
1767976572000,1767976569136,85
1767976574000,1767976573744,80
1767976575000,1767976573744,80
1767976577000,1767976573744,80
1767976579000,1767976579171,78
1767976581000,1767976579171,78
1767976582000,1767976579171,78
1767976584000,1767976584185,78
1767976586000,1767976584185,78
1767976587000,1767976584185,78
1767976589000,1767976589257,83
1767976591000,1767976589257,83
1767976592000,1767976589257,83
1767976594000,1767976594120,85
1767976596000,1767976594120,85
1767976597000,1767976594120,85
1767976599000,1767976599041,84
1767976600000,1767976599041,84
1767976602000,1767976599041,84
1767976604000,1767976604156,85
1767976605000,1767976604156,85
1767976607000,1767976604156,85
1767976609000,1767976609174,84
1767976610000,1767976609174,84
1767976612000,1767976609174,84
1767976614000,1767976614088,88
1767976615000,1767976614088,88
1767976617000,1767976614088,88
1767976619000,1767976619205,84
1767976620000,1767976619205,84
1767976622000,1767976619205,84
1767976624000,1767976624125,82
1767976625000,1767976624125,82
1767976627000,1767976624125,82
1767976629000,1767976624125,82
1767976630000,1767976630253,84
1767976632000,1767976630253,84
1767976634000,1767976634055,85
1767976635000,1767976634055,85
1767976637000,1767976634055,85
1767976639000,1767976638820,86
1767976640000,1767976638820,86
1767976642000,1767976638820,86
1767976644000,1767976644206,83
1767976645000,1767976644206,83
1767976647000,1767976644206,83
1767976649000,1767976649111,86
1767976650000,1767976649111,86
1767976652000,1767976649111,86
1767976654000,1767976654126,80
1767976655000,1767976654126,80
1767976657000,1767976654126,80
1767976659000,1767976659146,82
1767976661000,1767976659146,82
1767976662000,1767976659146,82
1767976664000,1767976663962,89
1767976669000,1767976669081,92
1767976670000,1767976669081,92
1767976672000,1767976669081,92
1767976674000,1767976674198,84
1767976675000,1767976674198,84
1767976677000,1767976674198,84
1767976678000,1767976678957,83
1767976680000,1767976678957,83
1767976682000,1767976678957,83
1767976683000,1767976678957,83
1767976685000,1767976684132,84
1767976686000,1767976684132,84
1767976688000,1767976684132,84
1767976690000,1767976689148,83
1767976691000,1767976689148,83
1767976693000,1767976689148,83
1767976695000,1767976694063,80
1767976696000,1767976694063,80
1767976698000,1767976694063,80
1767976700000,1767976698942,79
1767976701000,1767976698942,79
1767976703000,1767976698942,79
1767976705000,1767976704217,78
1767976707000,1767976704217,78
1767976708000,1767976709122,77
1767976710000,1767976709122,77
1767976712000,1767976709122,77
1767976713000,1767976709122,77
1767976715000,1767976714137,79
1767976717000,1767976714137,79
1767976718000,1767976719160,80
1767976720000,1767976719160,80
1767976722000,1767976719160,80
1767976723000,1767976724190,87
1767976725000,1767976724190,87
1767976727000,1767976729083,92
1767976731000,1767976729083,92
1767976733000,1767976734205,92
1767976738000,1767976734205,92
1767976740000,1767976739122,86
1767976741000,1767976739122,86
1767976743000,1767976739122,86
1767976745000,1767976744140,87
1767976746000,1767976744140,87
1767976748000,1767976744140,87
1767976750000,1767976749157,83
1767976751000,1767976749157,83
1767976753000,1767976749157,83
1767976754000,1767976754072,82
1767976756000,1767976754072,82
1767976758000,1767976754072,82
1767976760000,1767976759092,81
1767976761000,1767976759092,81
1767976763000,1767976759092,81
1767976765000,1767976764124,82
1767976766000,1767976764124,82
1767976768000,1767976764124,82
1767976770000,1767976769124,86
1767976772000,1767976769124,86
1767976773000,1767976774142,85
1767976775000,1767976774142,85
1767976777000,1767976774142,85
1767976778000,1767976779057,86
1767976780000,1767976779057,86
1767976782000,1767976779057,86
1767976783000,1767976784075,81
1767976785000,1767976784075,81
1767976787000,1767976784075,81
1767976788000,1767976784075,81
1767976790000,1767976789194,83
1767976791000,1767976789194,83
1767976793000,1767976794110,82
1767976795000,1767976794110,82
1767976797000,1767976794110,82
1767976798000,1767976799126,88
1767976800000,1767976799126,88
1767976802000,1767976799126,88
1767976804000,1767976804046,87
1767976805000,1767976804046,87
1767976807000,1767976804046,87
1767976809000,1767976809162,84
1767976810000,1767976809162,84
1767976812000,1767976809162,84
1767976814000,1767976814179,84
1767976816000,1767976814179,84
1767976817000,1767976814179,84
1767976819000,1767976819093,85
1767976821000,1767976819093,85
1767976822000,1767976819093,85
1767976824000,1767976824213,85
1767976826000,1767976824213,85
1767976827000,1767976824213,85
1767976829000,1767976829134,85
1767976831000,1767976829134,85
1767976832000,1767976829134,85
1767976834000,1767976834150,85
1767976836000,1767976834150,85
1767976837000,1767976834150,85
1767976839000,1767976839164,86
1767976841000,1767976839164,86
1767976842000,1767976839164,86
1767976844000,1767976844185,86
1767976846000,1767976844185,86
1767976848000,1767976844185,86
1767976849000,1767976849100,86
1767976851000,1767976849100,86
1767976853000,1767976849100,86
1767976854000,1767976854120,91
1767976856000,1767976854120,91
1767976858000,1767976854120,91
1767976859000,1767976859134,83
1767976861000,1767976859134,83
1767976863000,1767976859134,83
1767976864000,1767976864052,82
1767976866000,1767976864052,82
1767976868000,1767976864052,82
1767976869000,1767976868835,79
1767976871000,1767976868835,79
1767976873000,1767976868835,79
1767976875000,1767976874186,80
1767976877000,1767976874186,80
1767976878000,1767976879106,81
1767976880000,1767976879106,81
1767976882000,1767976879106,81
1767976883000,1767976884122,82
1767976885000,1767976884122,82
1767976887000,1767976884122,82
1767976888000,1767976889142,81
1767976890000,1767976889142,81
1767976892000,1767976889142,81
1767976894000,1767976894140,82
1767976895000,1767976894140,82
1767976897000,1767976894140,82
1767976898000,1767976899175,81
1767976900000,1767976899175,81
1767976902000,1767976899175,81
1767976903000,1767976904192,85
1767976905000,1767976904192,85
1767976907000,1767976904192,85
1767976909000,1767976909104,84
1767976910000,1767976909104,84
1767976912000,1767976909104,84
1767976914000,1767976914127,87
1767976915000,1767976914127,87
1767976917000,1767976914127,87
1767976919000,1767976919041,85
1767976920000,1767976919041,85
1767976922000,1767976919041,85
1767976924000,1767976924163,87
1767976925000,1767976924163,87
1767976927000,1767976924163,87
1767976929000,1767976929180,86
1767976930000,1767976929180,86
1767976932000,1767976929180,86
1767976934000,1767976934197,86
1767976935000,1767976934197,86
1767976937000,1767976934197,86
1767976939000,1767976939214,84
1767976940000,1767976939214,84
1767976942000,1767976939214,84
1767976944000,1767976944130,84
1767976946000,1767976944130,84
1767976947000,1767976944130,84
1767976949000,1767976949153,86
1767976951000,1767976949153,86
1767976952000,1767976949153,86
1767976954000,1767976954064,88
1767976956000,1767976954064,88
1767976957000,1767976954064,88
1767976959000,1767976959080,87
1767976960000,1767976959080,87
1767976962000,1767976959080,87
1767976964000,1767976964097,87
1767976965000,1767976964097,87
1767976967000,1767976964097,87
1767976969000,1767976969118,88
1767976971000,1767976969118,88
1767976973000,1767976969118,88
1767976974000,1767976974136,87
1767976976000,1767976974136,87
1767976978000,1767976974136,87
1767976980000,1767976979151,89
1767976982000,1767976979151,89
1767976983000,1767976979151,89
1767976985000,1767976984168,89
1767976987000,1767976984168,89
1767976988000,1767976989184,90
1767976990000,1767976989184,90
